.htaccess,40
.net,302
.net-2.0,6
.net-3.5,7
.net-4.0,10
.net-4.5,3
.net-assembly,3
.net-framework,1
.net4.0,1
.refresh,1
.war,1
.x,1
1080p,1
10gbethernet,1
1and1,1
2003,1
2007,10
2010,12
2013,1
24bit,1
2d,3
2d-array,2
3,1
3.0,1
32-bit,1
32bit-64bit,1
3d,11
3d-engine,1
3d-model,1
3d-modelling,1
3dsmax,1
404-error,1
5.1,1
64-bit,6
64bit,2
6502,1
7-zip,1
802.11n,1
8086,1
8bit,1
a-record,1
a-star,1
aabb,1
abaddressbook,1
abap,1
absolute-path,1
absolute-positioning,3
abstract,1
abstract-algebra,8
abstract-class,1
accelerate-framework,1
accelerated-c++,1
accelerometer,2
access,1
access-control,1
access-denied,1
access-token,1
access-violation,1
accessibility,2
accordion,5
account,2
account-restrictions,1
accountmanager,1
accounts,1
ace,1
achartengine,2
acl,2
acm,1
acrobat,1
acronyms,1
action,4
actionbarsherlock,1
actionlink,3
actionmailer,2
actionscript,23
actionscript-2,4
actionscript-3,65
active-directory,16
activeadmin,2
activemq,3
activerecord,14
activex,5
activexobject,1
activity,13
actor,2
acts-as-list,1
ad-hoc-distribution,1
ada,2
adapter,4
adb,4
add,2
add-in,4
add-rewrite-rule,1
address,2
address-bar,1
addressbook,1
addsubview,3
adfs,1
admin,4
admin-menu,1
administration,3
administrator,2
admob,5
ado,4
ado.net,10
ado.net-entity-data-model,3
adobe,8
adobe-illustrator,1
adobe-photoshop,2
adobe-reader,1
ads,2
adserver,1
adsi,1
adt,1
advanced-custom-fields,1
advanced-search,1
advertisement,1
advertisements,1
advice,1
adware,1
aec,1
aero,1
aes,2
afnetworking,1
aforge,1
agent,1
aggregate,2
aggregation,1
agile,4
air,7
air-native-extension,1
airprint,1
aix,4
ajax,107
ajax-upload,2
ajaxcontroltoolkit,1
akka,2
alarm,1
alarmmanager,2
aleph,1
alert,4
alertdialog,1
algebra,1
algebra-precalculus,12
algebraic-geometry,6
algebraic-number-theory,3
algebraic-topology,1
algorithm,61
algorithms,2
alias,3
aliens,1
align,2
alignment,3
alphablending,1
alt,2
alternative-proof,1
amazon,4
amazon-ami,2
amazon-cloudsearch,1
amazon-dynamodb,1
amazon-ebs,1
amazon-ec2,16
amazon-product-api,1
amazon-rds,2
amazon-s3,6
amazon-sqs,1
amazon-web-services,16
ambiguity,2
amd-catalyst,1
ampersand,1
amqp,1
amsart,2
amsmath,4
amsrefs,1
analysis,15
analytic-geometry,2
analytic-number-theory,2
analyticity,1
analytics,2
anchor,2
android,518
android-3.1,1
android-4.0,2
android-activity,3
android-alertdialog,1
android-apk,1
android-arrayadapter,1
android-asynctask,5
android-audiorecord,1
android-browser,1
android-c2dm,1
android-camera,3
android-contentprovider,3
android-cursor,1
android-custom-view,2
android-edittext,3
android-emulator,6
android-fragments,5
android-framework,1
android-gallery,1
android-gridview,2
android-handler,1
android-images,2
android-imageview,3
android-intent,13
android-ksoap2,1
android-launcher,1
android-layout,28
android-linearlayout,4
android-listview,7
android-location,1
android-lru-cache,1
android-lvl,1
android-manifest,5
android-maps,2
android-maps-v2,1
android-mapview,4
android-market,1
android-mediaplayer,2
android-mediarecorder,1
android-music-player,1
android-ndk,12
android-networking,1
android-pageradapter,1
android-performance,1
android-preferences,1
android-progressbar,1
android-sdk-2.1,1
android-sdk-2.2,3
android-searchmanager,1
android-sensors,1
android-service,2
android-sliding,1
android-source,3
android-spinner,1
android-sqlite,1
android-tabhost,1
android-textview,2
android-ui,3
android-viewpager,3
android-wake-lock,1
android-webview,2
android-widget,12
angstrom,1
angularjs,6
animated-gif,1
animation,25
annotations,6
anonymous-class,1
anonymous-function,1
ansi,3
ant,10
anti-aliasing,1
anti-spyware,1
anti-virus,2
antivirus,2
antlr,1
aop,2
apache,44
apache-camel,6
apache-commons,6
apache-commons-beanutils,1
apache-commons-codec,1
apache-commons-exec,1
apache-commons-vfs,1
apache-karaf,2
apache-poi,8
apache2,41
aperture,1
apex-code,3
api,38
apk,4
apns,1
app-config,3
app-store,4
appbar,1
appcelerator,2
appcelerator-mobile,2
appdelegate,1
appdomain,1
append,4
appendto,1
appfabric,1
appfabric-caching,1
appfog,1
apple,9
apple-mail,1
apple-push-notifications,2
applescript,7
applet,3
appliance,1
application,26
application-blocks,1
application-design,1
application-loader,1
application-server,1
applications,2
appmobi,1
apprequests,1
approximation,4
approximation-algorithms,1
approximation-theory,1
apps,1
appwidget,1
apr,2
apt,1
apt-get,1
aptana,4
aptitude,1
aquamacs,1
arabic,2
arangodb,1
arch-linux,3
architecture,17
archiva,1
archive,4
archives,1
archlinux,1
arduino,1
area,1
argument-passing,2
arguments,6
arithmetic,4
arm,3
arm7,1
array,1
array-sorting,1
arraylist,7
arrays,88
arrow,1
arrows,1
article,1
artificial-intelligence,5
artistic,1
ascii,6
asciidoc,1
ascx,1
asdf,1
asenumerable,1
ashx,1
asihttprequest,1
asio,1
asmack,1
asmx,1
asp,1
asp-classic,19
asp.net,309
asp.net-2.0,1
asp.net-3.5,4
asp.net-4.0,3
asp.net-ajax,4
asp.net-authentication,1
asp.net-authorization,1
asp.net-membership,8
asp.net-mvc,103
asp.net-mvc-2,10
asp.net-mvc-3,53
asp.net-mvc-4,10
asp.net-mvc-routing,4
asp.net-optimization,1
asp.net-profiles,2
asp.net-roles,1
asp.net-web-api,6
asp.net-webcontrol,1
asp.net-webforms,1
aspect-oriented,1
aspectj,3
aspects,1
aspmenu,1
aspmenu-control,1
aspnet-regiis.exe,1
aspx,1
assemblies,1
assembly,14
assert,1
asset,1
asset-pipeline,3
assign,1
associations,4
ast,2
asterisk,2
asus,1
asymptote,1
asymptotics,3
async-await,1
asynchronous,14
asyncsocket,2
atd,1
ati,1
atl,1
atoi,1
atom,1
attach,1
attachment,1
attachments,3
attributes,9
audio,26
audio-recording,4
audio-streaming,2
audioqueue,1
audit,2
audit-trail,1
authblk,1
authentication,30
authorization,5
authorize-attribute,1
auto,1
auto-generate,1
auto-increment,3
auto-pst-pdf,1
auto-update,1
autoarchive,1
autocomplete,9
autofocus,1
autohotkey,1
autoincrement,1
autoit,1
autoload,1
automapper,3
automata,2
automata-theory,1
automated-install,1
automated-testing,1
automated-tests,1
automatic-ref-counting,3
automation,9
automount,3
autoplay,1
autorotate,1
autorun,2
autosize,1
autosuggest,1
autotools,2
av,1
availability,1
avalondock,1
avassetwriter,1
avaudioplayer,3
avaudiorecorder,1
avcapturesession,1
average,2
avfoundation,3
avg,2
avplayer,1
awesome,1
awk,7
awt,6
awtrobot,1
axapta,1
axes,1
axiom-of-choice,2
axioms,1
axis2,2
azure,5
azure-storage-tables,1
azure-worker-roles,1
b-tree,2
baby-photos,1
back,1
back-button,3
backbone-events,1
backbone-routing,1
backbone-views,1
backbone.js,17
background,10
background-image,2
background-process,2
backgroundworker,3
backslash,3
backup,16
backup-restoration,2
bad-request,1
ball,1
banach-spaces,5
bandwidth,2
bapi,1
bar-chart,2
barcode,2
barcode-scanner,1
barcodes,1
base,1
base-class,1
base62,1
base64,5
baseline,1
bash,55
bash-function,1
bash-scripting,1
bashrc,1
basic,1
basic-authentication,1
batch,12
batch-file,12
batch-processing,3
batch-script,1
batik,1
battery,4
bayesian,2
bazaar,1
bbcode,2
bbpress,1
bcp,1
bdd,1
beagleboard,1
beamer,3
beamerposter,1
beanstalkd,2
beautifier,1
beautifulsoup,1
begininvoke,1
beizer,1
belkin,1
benchmarking,6
best-fit,1
between,2
bezier,2
bezier-curve,2
bgp,1
biber,1
biblatex,3
bibliographies,3
bibliography,1
bibtex,1
big-endian,1
big-list,1
big-o,3
bigdata,1
bigdecimal,1
bignum,2
billing,2
bin,1
binary,6
binary-data,1
binary-search,1
binary-search-tree,1
binary-tree,3
binaryfiles,3
bind,3
binding,18
bing,1
bing-maps,1
binomial-coefficients,1
bioinformatics,1
bios,1
birt,1
bison,3
bit,1
bit-manipulation,1
bitbucket,2
bitlocker,1
bitmap,5
bitmapdata,2
bitmaps,1
bitnami,1
bitrate,1
bitset,1
bittorrent,1
bitwise,1
biztalk,1
bjyauthorize,1
black-box,1
blackberry,24
blackberry-10,1
blackberry-eclipse-plugin,2
blackberry-jde,1
bladecenter,1
blank,2
blank-page,1
blas,2
blat,1
blazeds,1
blend,2
blender,1
blending,1
blob,4
blobstore,1
block,2
blocking,1
blockingcollection,1
blocks,1
blogengine.net,1
blogs,2
blu-ray,1
bluecloth,1
bluetooth,10
blur,1
bonjour,1
boo,1
bookmarks,1
books,5
boolean,11
boolean-algebra,2
boost,12
boost-asio,2
boost-filesystem,1
boost-format,1
boost-propertytree,1
boost-regex,1
boost-spirit,1
boot,10
boot-failure,1
bootstrapper,1
bootstrapping,1
border,2
bordermatrix,1
botan,1
bots,1
bottle,1
bottleneck,1
bouncycastle,3
bounded-wildcard,1
bounding-box,1
bounds,1
bounds-checker,1
box-shadow,1
box2d,1
boxes,2
boxplot,2
boxsizer,1
braces,1
branch,2
breadcrumb,1
breadth-first-search,1
break,2
breakpoints,3
breeze,1
breqn,1
broadcast,1
broadcastreceiver,3
broken-pipe,1
browser,19
browser-close,1
browser-detection,1
browser-extension,1
browser-history,1
browserfield,1
bsd,1
bsd-license,1
bsod,2
bucket,1
buffer,5
bufferedwriter,1
buffering,1
bug,3
bug-report,1
bug-tracking,1
bugs,1
build,2
build-automation,4
build-error,1
build-numbers,1
build-process,3
builder,1
buildout,1
builds,1
built-in,1
bukkit,1
bulk,3
bulkinsert,1
bump,1
bundle,2
bundler,1
burn,1
burning,1
bus,1
business,2
busybox,1
button,18
buttonclick,1
byte,2
bytearray,3
bytebuffer,1
bytecode,1
bytecode-manipulation,1
c,184
c#,778
c#-2.0,2
c#-3.0,3
c#-4.0,22
c++,333
c++-cli,6
c++-faq,2
c++03,1
c++11,9
c++builder,1
c-api,1
c89,1
c99,4
cable,4
cabling,1
cache,3
cache-control,2
cachedrowset,1
caching,20
cad,1
cakephp,22
cakephp-1.3,4
cakephp-2.0,1
calayer,2
calculation,2
calculator,4
calculus,41
calculus-of-variations,1
calendar,8
calibre,1
call,2
callback,6
calling-convention,1
calls,1
camera,9
camera-basics,2
camera-calibration,1
camera-settings,1
caml,2
caml-query,2
can,1
cancel,1
cancellation,1
cancer,1
canon,4
canon-5d-mark-iii,1
canvas,27
capacitor,1
capistrano,4
captcha,2
caption,1
captions,4
capture,3
carbon,1
cardinals,2
cardiology,1
career-development,3
caret,1
carrierwave,1
cars,1
cas,1
cascade,2
case,3
case-insensitive,2
case-sensitive,1
case-statement,1
cases,1
cassandra,3
casting,11
castle-windsor,6
cat,1
cat5,1
categories,7
category,2
category-theory,2
causality,1
cc.complexity-theory,6
cck,1
ccsprite,1
cdi,3
cdn,2
cegui,1
celery,4
celery-task,1
cell,1
cellid,2
cellphone,1
center,1
centering,1
centos,32
centos5,1
centos6,1
central-administration,1
certificate,4
certificates,1
certification,1
cf-orm,1
cfarraybsearchvalues,1
cfg,1
cfstring,1
cg.comp-geom,1
cgbitmapcontext,1
cgcontext,1
cgi,4
cgrect,1
chain,1
chaining,1
changelog,1
channel,1
chapters,1
char,6
character,1
character-encoding,5
characters,1
charger,1
charts,9
chat,2
chdir,1
check,1
check-in,1
check-out,1
checkbox,6
checkboxes,1
checkboxlist,1
checkedlistbox,1
checkout,1
checkpoint,1
chef,1
cherrypy,2
child-theme,1
childbrowser,2
children,2
chmod,2
choice,1
chrome,2
chroot,2
cics,1
cifilter,1
cil,2
cin,1
circle,1
circuitikz,1
cisco,5
cisco-asa,2
citations,1
citrix,2
city,1
cjk,3
ckeditor,1
claims,1
clamav,1
clang,1
class,26
class-design,4
class-diagram,2
class-hierarchy,1
classcastexception,2
classical-analysis,1
classical-mechanics,1
classicthesis,1
classloader,5
classnotfoundexception,1
classpath,1
clean-code,1
clean-urls,1
cleanup,1
clear,1
cleartype,1
clgeocoder,1
cli,1
click,4
clickable,1
client,3
client-object-model,1
client-server,6
client-side,2
client-side-templating,1
climate-change,1
climatology,1
clipboard,3
clisp,1
cllocationmanager,2
clock,1
clojure,8
clojurescript,1
clone,4
cloning,2
close,4
closing,1
closures,4
cloud,10
cloud-computing,2
cloud-storage,1
cloudfoundry,1
clr,2
clsql,1
clucene,1
cluster,3
cluster-computing,5
clustering,1
cmake,4
cname-record,1
co-workers,1
co.combinatorics,1
cobertura,1
cobol,2
cobol.net,1
cocoa,44
cocoa-bindings,1
cocoa-design-patterns,1
cocoa-touch,47
cocoapods,1
cocomo,1
cocos2d,7
cocos2d-android,1
cocos2d-iphone,10
code,1
code-access-security,2
code-analysis,1
code-contracts,2
code-coverage,1
code-first,2
code-first-migrations,1
code-generation,6
code-hinting,1
code-metrics,3
code-quality,1
code-reuse,1
code-review,1
code-search-engine,1
code-size,1
code-smell,1
codeblocks,3
codec,3
codeigniter,40
codeigniter-2,2
codeigniter-routing,1
codenameone,1
codenarc,1
codesniffer,1
coding-standards,1
coding-style,12
coding-theory,1
coffeescript,7
coldfusion,13
coldfusion-10,1
coldfusion-8,1
coldfusion-9,1
collaboration,1
collaborative,1
collaborative-filtering,1
collation,1
collections,10
collision,1
collision-detection,3
color,1
color-picker,1
color-scheme,1
colorbox,1
colors,16
column,1
columns,2
com,11
com-interop,1
combinations,2
combinatorics,16
combobox,9
comet,6
comm,1
comma,2
command,8
command-line,29
command-line-arguments,4
commandbutton,1
comments,15
commercial,1
commit,2
common-lisp,3
common-table-expression,1
communication,3
commutative-algebra,3
compact-framework,3
compact-operators,1
compactness,1
comparator,1
compare,5
comparevalidator,1
comparison,4
compass-css,2
compatibility,3
compilation,5
compile,1
compiler,15
compiler-errors,6
compiler-warnings,2
compiling,4
compiz,1
complex-analysis,11
complexity,2
complexity-classes,1
components,3
composer-php,2
composition,4
composition-basics,1
compression,5
computability,1
computation-theory,2
computational-complexity,2
computational-geometry,4
computed-columns,1
computer-science,5
computer-vision,4
concat,2
concatenation,1
concurrency,10
concurrent-programming,1
conditional,2
conditional-formatting,1
conditional-results,1
conditionals,1
conference,1
conference-room,1
config,2
configurable-product,1
configuration,19
configuration-files,1
configuration-management,1
configure,1
confirm,1
confirmation,1
confirmation-email,1
conflict,1
conic-sections,1
connect,3
connect-by,1
connection,8
connection-pooling,1
connection-sharing,1
connection-string,3
connectivity,2
connector,1
consistency,1
console,11
console-application,2
const,2
constantcontact,1
constants,3
constraints,3
constructor,6
contact,1
contacts,5
contain,1
containers,3
contains,1
content,7
content-assist,1
content-disposition,2
content-management-system,8
content-query-web-part,1
content-type,5
contest-math,4
context,2
context-free,1
context-free-languages,1
contextmenu,2
continuity,1
continuous-integration,2
contour,1
contravariance,1
control,7
control-characters,1
control-theory,1
controller,8
controllers,2
controls,1
controltemplate,3
conventions,3
convergence,4
conversion,4
converter,5
convex-analysis,1
convolution,1
cookieless,1
cookies,15
coordinate-systems,3
coordinates,1
copy,5
copy-constructor,1
copy-paste,2
copying,2
copyright,1
cordova,4
cordova-2.0.0,1
core,1
core-animation,5
core-audio,1
core-data,23
core-foundation,1
core-graphics,6
core-location,3
core-plot,2
corona,1
coronasdk,1
coroutine,1
correlation,1
corrupt,1
cors,2
couchapp,1
couchbase,1
couchdb,5
count,9
countdown,3
counter,2
counters,2
countries,1
coupling,1
covariance,2
cover,1
covering-spaces,1
cowboy,1
cp,1
cpan,1
cpu,3
cpu-cache,1
cpu-registers,1
cpu-usage,1
cqrs,1
cracking,1
crash,8
crawler,1
createdibsection,1
createobject,2
creation,2
credentials,3
criteria,2
criteria-api,1
criterion,1
criticism,1
crm,1
cron,11
cron-task,1
crontab,1
cropping,2
cross-browser,11
cross-compiling,1
cross-domain,1
cross-join,1
cross-platform,5
cross-referencing,2
crossdomain.xml,1
crosstab,1
cruisecontrol.net,2
cryptography,5
crystal-reports,11
cs5,1
csla,1
css,226
css-animations,1
css-float,2
css-selectors,3
css-sprites,1
css-transforms,1
css-transitions,1
css3,26
csv,15
ctags,1
ctime,1
ctypes,3
cube,1
cublas,1
cucumber,4
cuda,9
cuda.net,1
culling,1
cups,4
curl,21
curl-multi,2
currying,1
cursor,4
cursors,1
curve-fitting,1
custom-action,1
custom-attributes,2
custom-build-step,1
custom-component,2
custom-controls,5
custom-field,3
custom-field-type,1
custom-fields,1
custom-font,2
custom-masterpage,1
custom-post-type,1
custom-post-types,6
custom-renderer,1
custom-taxonomy,1
custom-web-part-property,1
customization,9
cvs,3
cvsnt,1
cxf,4
cycle,1
cygwin,10
cython,1
d,1
d-link,1
d-pad,1
d2,1
d3.js,6
daemon,2
dalvik,1
dancer,1
darwin,1
data,7
data-access-layer,4
data-binding,23
data-integrity,1
data-loss,1
data-migration,2
data-mining,1
data-parallel-haskell,1
data-recovery,2
data-storage,1
data-structures,13
data-transfer,1
data-transfer-objects,1
data-uri,1
data-warehouse,2
data.frame,1
dataannotations,1
database,113
database-abstraction,1
database-backups,1
database-connection,4
database-design,21
database-mail,1
database-mirroring,1
database-permissions,1
database-replication,2
database-restore,1
database-schema,2
databound,2
datacontext,4
datacontract,1
dataform,2
datagrid,10
datagridview,8
datahandler,1
datajs,1
dataprovider,1
datarow,1
dataset,2
datasource,3
datasourcecontrol,1
datastore,1
datatable,9
datatables,4
datatemplate,2
dataview,1
date,18
date-comparison,1
date-formatting,1
date-range,1
dateformat,2
datepicker,4
daterangepicker,1
datetime,20
datetime-format,1
db2,6
db4o,2
dba,1
dbase,1
dbcontext,1
dbexpress,1
dbml,2
dbms,1
dbref,1
dbunit,2
dbus,1
dcu,1
dd,2
dd-wrt,2
ddos,2
ddr2,1
ddrescue,1
dead-code,1
deadlock,1
debian,18
debian-squeeze,2
debugging,21
decimal,3
decode,1
decoding,1
decompiler,2
decompiling,1
decompress,1
decorator,2
decorator-chaining,1
dedicated-server,1
deep-linking,1
deepzoom,1
default,1
default-settings,1
default-value,1
defect,1
definite-integral,5
definition,1
defragment,1
degree,1
delaunay,1
delay,1
delegates,10
delete,14
deleted,1
deleting,1
deletion,1
delimiter,1
delimiters,2
dell,5
dell-optiplex,1
dell-powerconnect,1
dell-poweredge,1
dell-vostro,1
delphi,27
delphi-2009,2
delphi-2010,2
delphi-5,1
delphi-7,1
delphi-prism,1
delphi-units,2
delphi-xe2,2
demos,1
demoscene,1
denyhosts,1
dependencies,3
dependency-injection,10
dependency-management,4
dependency-map,1
dependency-properties,1
deployment,23
deploystudio,1
depth,1
depth-of-field,1
derandomization,1
derby,2
dereference,2
derivatives,2
derived-class,1
descendant,1
description,1
deserialization,2
design,27
design-patterns,29
design-principles,1
designer,1
designer-workflow,1
desktop,1
desktop-application,2
desktop-computer,1
destroy,1
destructor,2
determinants,1
developer-tools,1
development,4
development-approach,1
development-environment,2
development-process,1
devexpress,3
device,1
device-driver,2
devil,1
devise,8
dhcp,2
dhcp-server,1
diacritics,3
diagram,1
diagrams,3
dialog,10
dialogbox,1
dice,1
dictionary,10
didselectrowatindexpath,1
diff,6
differences,1
differential-equations,7
differential-geometry,5
differential-topology,1
digest-authentication,1
digg,1
digital-signature,2
dijit.layout,1
diophantine-equations,1
direct2d,1
direct3d,2
direct3d9,1
directed-acyclic-graph,1
directed-graph,1
directions,1
directory,10
directory-structure,1
directshow,2
directx,7
directx-9,1
dired,1
dirty,1
disable,1
disabled,1
disabled-control,1
disabled-input,1
disassembling,1
disassembly,1
disaster-recovery,1
discover,1
discovery,1
discrete-mathematics,1
discussion-board,2
disk,3
disk-image,1
disk-images,1
disk-partition,1
disk-space,1
disk-usage,1
disk-utility,2
diskmanagement,1
dispatch,1
dispatchevent,1
display,3
dispose,1
distance,3
distinct,2
distributed,5
distributed-computing,1
distributed-transactions,1
distribution,3
distribution-choice,1
distribution-lists,1
distro,1
distros,1
div,17
div-layouts,3
divisibility,1
division,1
diy,1
django,63
django-1.3,1
django-admin,3
django-allauth,1
django-authentication,1
django-cms,1
django-forms,6
django-mailer,1
django-models,7
django-multilingual,1
django-queryset,1
django-signals,1
django-taggit,1
django-templates,9
django-urls,1
django-views,5
django-widget,1
dll,15
dll-hell,1
dllexport,2
dllimport,2
dmg,1
dmv,1
dns,21
dns-hosting,1
do,1
doc,1
docking-station,1
doctrine,7
doctrine2,9
document-classes,1
document-library,4
document.ready,1
documentation,9
documentation-generation,1
documentclass-writing,1
documents,1
dojo,7
dojox.mobile,1
dom,23
dom-events,1
dom-manipulation,1
domain,6
domain-driven-design,7
domain-mapping,1
domain-name,2
domain-transferring,1
domdocument,2
domino,1
donations,1
dos,3
dot,1
dotcloud,1
dotmatrix,1
dotnetnuke,1
dotnetopenauth,3
dotnetzip,1
double,3
double-buffering,1
double-click,1
doubly-linked-list,1
dovecot,1
downgrade,1
download,5
doxygen,2
dql,1
drag,3
drag-and-drop,6
draggable,6
draw,2
drawable,1
drawimage,1
drawing,4
drawrect,2
drbd,1
dreamhost,1
dreamweaver,4
drive-letter,2
driver,2
drivers,7
drools,1
drop,2
drop-down-menu,11
dropbox,2
dropbox-api,1
dropdown,1
dropdownchoice,1
droppable,2
dropshadow,1
drupal,24
drupal-6,4
drupal-7,5
drupal-batch,1
drupal-modules,1
drupal-services,1
drupal-theming,1
ds.algorithms,7
ds.data-structures,1
dsl,2
dslr,1
dspack,1
dtd,2
dto,2
dts,1
dual-boot,3
dual-monitor,2
duck-typing,1
dump,1
duplex,1
duplicates,7
dvcs,1
dvd,2
dvorak,1
dwr,1
dynamic,18
dynamic-allocation,1
dynamic-assemblies,1
dynamic-class-loaders,1
dynamic-controls,1
dynamic-data,1
dynamic-jasper,1
dynamic-keyword,1
dynamic-library,1
dynamic-loading,1
dynamic-programming,3
dynamic-sql,2
dynamic-text,1
dynamical-systems,1
dynamics-ax-2009,1
dynamics-crm,1
dynamics-crm-4,1
e-commerce,2
e4x,1
each,3
eager-loading,4
ear,2
easy-install,1
easybcd,1
easymock,1
ebook,2
echo,3
ecl,1
eclipse,72
eclipse-cdt,1
eclipse-jet,1
eclipse-pde,2
eclipse-pdt,1
eclipse-plugin,8
eclipse-rcp,4
eclipse-wtp,1
eclipselink,5
ecm,1
economics,2
ecryptfs,1
ed,1
edit-in-place,1
editable,2
editing,1
editor,1
editors,1
edittext,5
education,3
ef-code-first,8
ef-migrations,1
effect,1
effective-java,1
effects,1
efficiency,2
efs,1
ehcache,1
eigenvalues,2
eigenvectors,2
ejabberd,2
ejb,3
ejb-3.0,2
ejs,1
ektorp,1
el,3
elastic-beanstalk,1
elasticsearch,1
electricity,1
electronics,1
element,5
elementary-number-theory,8
elementary-set-theory,8
elementhost,1
elements,2
elementtree,1
elevated-privileges,1
elf,3
elisp,2
else,1
emacs,16
emacs24,1
email,50
email-attachments,1
email-confirmation,1
email-rules,1
emailserver,3
embed,3
embedded,5
embedded-fonts,1
embedded-language,1
embedded-linux,2
embedding,1
ember.js,1
empty-string,2
emulator,5
encapsulation,2
encoding,16
encryption,22
encryption-asymmetric,1
encryption-symetrical,1
endeca,1
engine,2
enlightenment,1
enterprise,2
enterprise-guide,1
enterprise-library,2
entities,1
entity,4
entity-framework,55
entity-framework-4,15
entity-framework-4.1,4
entity-framework-4.3,2
entity-framework-5,3
entity-framework-ctp5,1
entity-framework-mapping,1
entity-relationship,1
entitymanager,1
enumerate,3
enumeration,3
enumerator,1
enumitem,1
enums,8
envdte,1
environment,1
environment-variables,9
environments,2
eof,2
eps,1
equals,1
equation,1
equations,5
equipment-damage,1
equipment-protection,1
equipment-recommendation,1
equipment-storage,1
equivalent,1
erb,1
eregi,1
erlang,5
erp,1
error,3
error-handling,5
error-logging,1
error-message,1
error-reporting,1
errors,2
escalation,1
escaping,6
ethernet,4
etl,2
etoolbox,1
euclidean-geometry,1
eula,1
eval,4
evaluation,1
event-delegation,1
event-handling,9
event-hooking,1
event-log,2
event-receivers,2
event-store,1
event-triggers,1
event-viewer,1
eventlistener,1
evently,1
events,39
eventual-consistency,1
evolutionary-algorithm,1
ews,1
example,4
examples-counterexamples,1
exc-bad-access,2
excanvas,1
excel,41
excel-2007,6
excel-2010,4
excel-formula,2
excel-vba,10
except,1
exception,16
exception-handling,10
excerpt,1
exchange,5
exchange-2007,1
exchange-server,3
exchange2007,1
exclude,1
exe,1
exec,2
exec-maven-plugin,1
executable,1
executable-jar,2
exif,3
exiftool,1
exim,2
exit,3
exit-code,1
expandablelistview,1
expander,2
expect,2
expiration,2
expl3,1
explode,1
explorer,2
exponential-function,1
exponential-sum,1
exponentiation,1
export,8
export-to-csv,1
export-to-excel,3
exposure,2
express,4
expression,6
expression-blend,3
expression-blend-4,1
expression-encoder,1
expression-trees,3
expressionengine,1
ext-gwt,1
ext4,1
extend,1
extension,2
extension-methods,5
extern,2
external,7
external-files,1
external-hard-drive,2
external-hdd,1
externalinterface,3
extjs,12
extjs3,1
extjs4,2
extjs4.1,1
extract,3
extrapolation,1
f#,6
f#-interactive,1
fabricjs,1
facebook,80
facebook-access-token,2
facebook-apps,2
facebook-authentication,2
facebook-c#-sdk,1
facebook-comments,2
facebook-connect,3
facebook-fanpage,1
facebook-fql,5
facebook-graph-api,33
facebook-insights,1
facebook-ios-sdk,3
facebook-javascript-sdk,3
facebook-like,5
facebook-likebox,1
facebook-login,2
facebook-page,4
facebook-php-sdk,6
facebook-social-plugins,1
facebook-timeline,2
facelets,5
factory,1
factory-method,1
factory-pattern,1
fade,2
fading,1
fail2ban,1
failed,1
failover,6
failovercluster,1
failure,1
fan,2
fancybox,6
fancybox-2,1
fastcgi,7
fastreport,1
fat32,2
fault,1
faye,1
fbconnect,2
fcgi,1
fciv,1
feature-detection,1
feature-stapling,1
fedex,1
fedex-api,1
fedex-shipping,1
fedora,6
fedora-17,1
feed,2
feedparser,1
feeds,1
fest,1
fetch,1
ffmpeg,6
fft,2
fibonacci,2
field-theory,4
fieldcodes,1
fields,2
fieldset,1
file,37
file-association,3
file-conversion,1
file-descriptor,1
file-download,4
file-format,2
file-get-contents,4
file-handling,1
file-icons,1
file-io,13
file-locking,1
file-management,4
file-manager,1
file-permissions,5
file-read,1
file-rename,1
file-server,2
file-sharing,2
file-system,2
file-transfer,6
file-types,1
file-upload,12
fileapi,1
filehelpers,1
fileinfo,1
fileinputstream,1
filemaker,1
filenames,6
filenet,1
filenet-p8,1
filepath,2
filereader,1
fileresult,1
files,3
fileserver,1
filesize,1
filestream,2
filesystems,16
fill-parent,1
filter,9
filtering,2
filters,1
final,1
finalize,1
finance,1
financial,1
find,6
find-and-replace,2
finder,1
findviewbyid,1
fingerprint,1
finite-differences,1
finite-groups,2
firebase,1
firebird,1
firebug,3
firefox,32
firefox-addon,5
firefox-addon-sdk,1
firefox-extensions,1
firefox-profile,1
firefox4,1
firewall,6
firewatir,1
first-order-logic,1
fit,1
fitnesse,1
fixed,2
fixtures,1
fl.formal-languages,2
flags,1
flash,60
flash-builder,6
flash-cs3,1
flash-cs5,3
flash-player,1
flashvars,1
flask,1
flask-sqlalchemy,1
flex,42
flex3,9
flex4,6
flex4.5,4
flexbuilder,3
floating-accuracy,1
floating-point,13
floating-point-precision,1
floats,1
flowdocument,1
flowplayer,1
fluent-nhibernate,6
fluid,1
flurry,2
flush,1
flvplayback,1
flvplaybackcaptioning,1
fmdb,1
focal-length,1
focus,5
fold,2
folder,6
folder-size,1
folders,2
font-face,4
font-size,1
fonts,21
fontsize,1
footer,2
footnotes,1
fopen,2
for-loop,10
force.com,1
foreach,7
foreign-key-relationship,2
foreign-keys,5
foreman,2
fork,1
form,1
form-authentication,1
form-submit,1
form-validation,1
formal-languages,1
format,8
format-files,1
formatting,9
formcollection,1
forms,40
forms-authentication,7
formula,6
formview,1
fortran,4
forum,4
forward-declaration,1
fossil,1
fosuserbundle,2
four-thirds,1
fourier-analysis,4
fpu,1
fql,2
fractions,1
fragment-shader,1
fragmentation,2
frame,1
frame-rate,1
framelayout,1
frameset,2
framework,1
frameworks,14
free,2
freebase,1
freebsd,5
freedesktop.org,1
freeglut,1
freehep,1
freelancing,1
freenas,3
freepascal,1
freeradius,1
freeze,5
frequency,3
frequency-analysis,1
friend,2
frontpage,1
frustum,1
fsm,1
fstream,1
ftp,15
ftp-server,2
ftplib,1
ftps,1
ftpwebrequest,1
fujifilm,1
fujifilm-xpro1,1
full-text-indexing,1
full-text-search,7
fullcalendar,1
fullscreen,4
func,1
function,32
function-call,2
function-pointers,1
function-prototypes,1
functional-analysis,12
functional-equations,1
functional-programming,10
functional-testing,1
functions,7
fuse,1
future,1
fuzztesting,1
fuzzy,1
fuzzy-logic,1
fwrite,2
fxcop,1
g++,2
g1,1
gae-datastore,6
gaia,1
gallery,5
galois-theory,1
game-center,3
game-development,1
game-engine,3
game-theory,1
gamekit,1
gamma-function,1
gaps-and-islands,1
garbage-collection,10
gateway,3
gcc,21
gd,4
gdata,1
gdb,4
gdi,2
gdi+,2
geany,1
gedit,2
gem,2
gen-fsm,1
general-topology,9
generate,1
generated-code,1
generation,1
generator,1
generator-expression,1
generic-interface,1
generics,21
genetic-algorithm,1
genetic-programming,1
geocoding,2
geolocation,11
geometric-topology,1
geometry,16
geospatial,2
geotools,1
gesture,4
gesture-recognition,2
get,5
getcustomattributes,1
gethashcode,1
getimagesize,1
getjson,1
getresource,1
getscript,1
getter,1
gettext,3
ggplot2,2
ghc,1
gherkin,1
ghost,2
gige-sdk,1
gingerbread,1
gis,3
git,45
git-branch,1
git-checkout,1
git-merge,2
git-revert,1
git-tfs,1
githooks,1
github,3
github-for-mac,1
github-for-windows,1
gitk,1
gitolite,1
glassfish,4
glfw,1
glkit,1
glob,1
global,2
global-variables,1
glsl,2
glteximage2d,1
glusterfs,1
glut,1
glyph,1
gmail,12
gmail-imap,1
gmp,1
gnome,6
gnome3,1
gnu,2
gnu-flex,1
gnu-make,1
gnuplot,5
gnustep,1
go,3
go-templates,1
godaddy,2
google,19
google-account,1
google-analytics,6
google-analytics-api,2
google-api,3
google-app-engine,24
google-apps,1
google-apps-script,4
google-charts,3
google-charts-api,2
google-chrome,27
google-chrome-devtools,1
google-chrome-extension,6
google-chrome-extensions,1
google-closure-compiler,1
google-closure-templates,1
google-cloud-endpoints,2
google-crawlers,1
google-drive-sdk,1
google-earth,2
google-earth-plugin,2
google-fusion-tables,1
google-image-search,1
google-login,1
google-maps,26
google-maps-android-api-2,1
google-maps-api-3,18
google-maps-markers,1
google-play,1
google-reader,3
google-search,1
google-spreadsheet,3
google-static-maps,1
google-talk,1
google-translate,1
google-tv,1
google-website-optimizer,1
google.load,1
googlemock,1
googletest,1
gorm,2
gotw,1
gpgpu,1
gpl,3
gprs,1
gps,12
gpt,1
gpu,5
gpuimage,1
gpx,1
graceful-degradation,1
gradient,3
gradle,1
graffiticms,1
grails,16
grails-validation,1
grammar,2
grand-central-dispatch,1
graph,10
graph-algorithm,2
graph-algorithms,4
graph-layout,1
graph-theory,7
graphics,22
graphics-card,1
graphing,1
graphite,1
graphiti,1
graphviz,2
gravity,2
greasemonkey,3
greatest-common-divisor,1
greatest-n-per-group,1
grep,11
grid,8
gridgain,1
gridlayout,1
gridsplitter,1
gridview,13
grit,1
groovy,15
group,5
group-by,16
group-policy,4
group-policy-preferences,1
group-theory,5
groupbox,1
grouping,4
groups,3
grub,3
grub2,1
gruntjs,1
gsl,1
gsm,2
gsp,1
gsub,1
gtk,4
gtk3,1
gtksourceview,1
guava,1
gui,17
gui-testing,1
guice,2
guid,3
guidelines,1
gunicorn,1
gwt,21
gwt2,1
gxt,1
gz,1
gzip,3
h.264,1
h2,2
habtm,1
hacked,1
hacking,2
hacks,1
hadoop,8
hair,1
hammer,1
handle,2
handlebars.js,1
handler,2
handler-mappings,1
hang,1
haproxy,3
hard-drive,12
hard-drive-recovery,1
hard-link,1
hardware,7
hardware-failure,1
hardware-raid,1
has-many,1
hash,7
hash-function,1
hashmap,9
hashtable,8
haskell,23
haversine,2
having-clause,1
hbase,2
hbm2ddl,1
hdc,1
hdcp,1
hdd,1
hdl,1
hdvideo,1
header,12
header-footer,2
headers,3
headless-browser,1
headset,2
healthcare,1
heap,5
heap-corruption,1
heap-dump,1
hebrew,2
height,7
hello-world,1
helpers,1
heroku,17
hex,6
hgignore,1
hibernate,49
hibernate-criteria,1
hibernate-mapping,2
hid,1
hidden,2
hidden-field,1
hiding,1
hierarchicaldatatemplate,1
hierarchy,2
high-availability,2
high-dpi,1
high-key,1
high-load,2
highcharts,3
higher-rank-types,1
highlight,1
highlighting,1
hilbert-spaces,3
histogram,1
historian,1
history,6
history.js,1
hittest,2
hive,3
hlsl,1
hmacsha1,1
hmvc,1
hole-punching,1
home,1
home-networking,2
homebrew,2
homescreen,1
homework,43
honeycomb,2
hook,4
hopf-algebras,1
horizontal,1
horizontal-alignment,5
horizontal-scrolling,1
horizontallist,1
host,4
hostheaders,1
hosting,4
hostname,3
hosts-file,1
hotkeys,2
hotlinking,1
hotmail,1
hotplug,1
hotspot,5
hover,2
howto,1
hp,1
hp-pavilion,1
hp-ux,1
hpricot,1
hql,3
href,2
hsqldb,1
htb,1
html,280
html-agility-pack,1
html-editor,1
html-email,1
html-entities,2
html-form,1
html-helper,2
html-lists,1
html-parsing,6
html-table,1
html5,64
html5-animation,1
html5-canvas,10
html5-history,1
html5-video,4
htmleditor,1
htmleditorextender,1
htmleditorkit,1
htmlspecialchars,1
htpasswd,1
htpc,1
http,38
http-basic-authentication,1
http-error,1
http-headers,6
http-live-streaming,2
http-post,3
http-proxy,1
http-put,1
http-server,1
http-status-code-301,2
http-status-code-403,2
http-status-code-404,2
http-status-codes,2
http-streaming,1
httpclient,3
httpd,2
httpd.conf,5
httplistener,1
httpmodule,1
httprequest,2
httpresponse,1
https,9
httpurlconnection,3
httpwebrequest,2
httpwebresponse,1
hub,1
hudson,3
huffman-encoding,1
hwpf,1
hyper-v,2
hyperlink,6
hyperref,6
hypervisor,1
i386,1
iad,2
iadstsuserex,1
ibaction,1
ibatis,4
ibm,2
ibm-midrange,2
ibooks,1
ical,1
ice-cream-sandwich,1
icefaces,3
icefaces-1.8,1
icloud,1
icomparable,1
icons,7
icriteria,1
ics,1
icu,2
ide,9
ideals,1
identification,1
idiomatic,1
idisposable,1
idl,1
ie6,1
ie6-bug,1
ie6-ie7-bug,1
ie8-compatibility-mode,1
ienumerable,1
if-modified-since,1
if-statement,13
ifconfig,1
iframe,7
ihttpmodule,2
iirf,1
iis,32
iis-6,1
iis-7.5,5
iis-express,1
iis6,3
iis7,30
iis7.5,3
il,1
ilist,3
illegalmonitorstateexcep,1
ilmerge,1
imacros,1
image,49
image-editing,1
image-editor,1
image-gallery,1
image-manipulation,3
image-processing,17
image-recognition,1
image-resizing,1
image-scaling,1
image-scanner,2
image-size,1
imageio,1
imagemagick,8
imagemap,1
images,3
imageurl,1
imageview,2
imap,5
imaplib,2
img,4
immediate-window,1
immutable,1
imperative-programming,1
impersonation,2
implementation,3
implicit,1
implicit-methods,1
implode,1
import,12
importerror,2
improper-integrals,1
in-app,1
in-app-billing,2
in-app-purchase,4
in-array,1
in-memory-database,1
inarray,1
include,6
include-path,1
incremental,1
indentation,2
indesign,1
index,11
indexes,2
indexing,4
indexing-service,1
indexoutofboundsexception,2
indextank,1
indicator,1
induction,3
industry,1
indy,1
inequality,8
infinite-loop,2
infinite-scroll,2
inflate,1
inflection,1
inflector,1
infopath,6
infopath-2007,1
infopath2010,1
information-extraction,1
infowindow,1
infrastructure,2
inheritance,20
ini,1
init-script,1
init.rc,1
initialization,3
initializer-list,1
inject,2
injection,2
inkcanvas,1
inline,1
inline-scripting,1
inner-classes,1
inner-join,3
innerhtml,2
inno-setup,3
innodb,4
inode,2
inotify,2
input,16
input-validation,3
inputbox,1
inputstream,2
insert,9
insert-into,1
insert-select,1
inspector,1
install,4
installation,18
installer,6
installing,3
instance,1
instances,3
instantiation,2
int,3
integer,5
integer-division,1
integral,7
integration,8
integration-testing,1
intel,3
intellectual-property,1
intellij-idea,6
intellisense,1
intentfilter,1
intentservice,1
interaction,1
interceptors,1
interface,10
interface-builder,11
intermittent,1
internal,2
internal-dns,1
international,1
internationalization,5
internet,6
internet-connection,4
internet-explorer,30
internet-explorer-10,1
internet-explorer-6,3
internet-explorer-7,4
internet-explorer-8,3
internet-explorer-9,7
internet-security,1
internet-sharing,1
interop,3
interpolation,1
interpreter,2
interprocess,1
interrupt,1
interrupt-handling,1
interrupts,1
intersystems-cache,1
interview,1
interview-questions,3
intl,1
intuition,1
invalidoperationexception,1
inverse,1
inversion,1
inversion-of-control,3
inversive-geometry,1
invert,1
invocation,1
invocationtargetexception,2
invoices,1
invoke,2
invoke-command,1
io,8
ioexception,1
ios,242
ios-4.2,1
ios-simulator,5
ios-ui-automation,1
ios4,10
ios4.3,1
ios5,23
ios6,11
iostat,1
ip,6
ip-address,3
ip-geolocation,1
ipad,51
ipad-splitview,1
iphone,300
iphone-3gs,2
iphone-privateapi,2
iphone-provisioning,1
iphone-sdk-3.0,8
iphone-sdk-3.2,1
iphone-sdk-4.0,17
iphone-sdk-5.0,1
iphone-web,1
iplimage,1
ipn,1
ipod,2
ipp-protocol,1
ipsec,1
iptables,10
ipv6,4
ipython,1
iqueryable,3
irb,1
iredmail,1
ironpython,3
ironruby,2
irrational-numbers,1
irreducible-polynomials,1
isc-dhcp,3
iscroll,1
iscsi,2
islam,1
isnull,1
iso,2
iso8601,1
isolated-network,1
isolatedstorage,2
isomorphism,1
issues,2
itemizedoverlay,1
itemrenderer,1
itemscontrol,1
iterate,1
iteration,3
iterator,6
iterm,1
iterm2,1
iterparse,1
itextsharp,5
itunes,6
itunesconnect,2
ivalueconverter,1
ivy,1
j,1
jackson,3
jacob,1
jade,1
jailbreak,2
jar,13
jasmine,3
jasper-reports,6
jasypt,2
java,703
java-3d,2
java-6,2
java-ee,23
java-ee-6,4
java-libraries,1
java-me,8
java-melody,1
java-util-scanner,2
java-web-start,1
java.util.concurrent,3
java.util.logging,1
javabeans,2
javac,1
javacc,1
javadoc,4
javafx,2
javafx-2,1
javamail,4
javascript,624
javascript-events,16
javascript-framework,1
javascript-functions,1
javascript-library,1
javascript-objects,2
javascript-performance,2
javascriptcore,1
javascriptmvc,2
javasound,1
javassist,1
jax-rs,4
jax-ws,4
jaxb,5
jboss,7
jboss-weld,1
jboss5.x,2
jboss7.x,2
jbossmq,1
jcarousel,1
jcombobox,1
jcrop,1
jdbc,7
jdk,2
jdk1.6,1
jdo,2
jdoql,1
jeditable,1
jeditorpane,2
jekyll,1
jena,1
jenkins,5
jersey,1
jess,1
jetspeed2,1
jetty,3
jexcelapi,1
jface,1
jfilechooser,1
jframe,1
jfreechart,5
jgrasp,1
jibx,1
jlist,1
jmeter,5
jmeter-plugins,1
jmock,1
jmockit,1
jms,7
jmx,3
jndi,1
jni,4
job-advancement,1
job-performance,1
job-title,1
jobs,2
join,22
jointable,1
joomla,14
joomla-component,1
joomla-template,1
joomla1.5,3
joystick,2
jpa,16
jpa-2.0,2
jpanel,2
jpcap,1
jpeg,2
jpg,1
jpgraph,1
jqgrid,9
jqgrid-asp.net,1
jqgrid-php,1
jqplot,1
jqtouch,1
jquery,504
jquery-accordion,1
jquery-ajax,24
jquery-animate,3
jquery-animation,1
jquery-autocomplete,1
jquery-bbq,1
jquery-cycle,1
jquery-deferred,4
jquery-dialog,1
jquery-effects,1
jquery-events,2
jquery-filter,1
jquery-hover,1
jquery-layout,1
jquery-live,1
jquery-mobile,24
jquery-plugins,13
jquery-selectors,12
jquery-tabs,1
jquery-tools,1
jquery-traversing,3
jquery-ui,36
jquery-ui-autocomplete,1
jquery-ui-dialog,1
jquery-ui-draggable,2
jquery-ui-resizable,3
jquery-ui-sortable,1
jquery-ui-tabs,2
jquery-ui-theme,1
jquery-validate,3
jquery-xml,2
jre,1
jruby,3
js-test-driver,1
jscript,1
jscrollpane,1
jsf,30
jsf-2,13
jsf-2.0,3
jsfl,1
jshint,1
jslint,1
json,61
json-decode,1
jsonp,6
jsoup,1
jsp,33
jsp-tags,1
jsperf,1
jspx,1
jsr286,1
jsr330,1
jsr82,1
jstl,2
jstree,2
jta,3
jtable,4
jtextarea,1
julian-date,1
junit,7
junit-runner,1
junit4,2
jvm,9
jvm-languages,1
jvmti,1
jwplayer,1
jxta,1
jython,2
kal,1
kaminari,1
kdb,1
kde,1
kerberos,1
kernel,7
kernel-module,1
kernel-programming,1
kernel32,1
key,2
key-bindings,1
key-generator,1
key-value,1
key-value-coding,1
key-value-observing,2
keyboard,13
keyboard-events,1
keyboard-layout,2
keyboard-shortcuts,8
keychain,1
keydown,1
keyeventargs,1
keymap,1
keynote,1
keyword,1
kickstart,2
kindle,1
kindle-fire,1
kineticjs,1
kml,2
knapsack,1
knockout.js,4
knowledge,1
koala,2
kohana,2
kohana-3,2
ksh,2
ksoap,2
ksoap2,2
kvm-switch,1
kvm-virtualization,1
l2tp,1
label,2
labjs,1
lag,1
lambda,11
lambda-calculus,1
lambda-functions,1
lame,1
lan,4
landscape,2
language,2
language-agnostic,8
language-features,1
language-history,1
language-lawyer,1
language-translator,1
languages,1
laptop,7
laptop-repair,1
large-files,1
last-child,1
last-insert-id,1
latency,1
latex,4
latex-suite,1
latex3,1
latitude,1
lattice,1
launch,1
launch-services,1
launch4j,1
launchd,1
launcher,1
layer,1
layout,25
layout-manager,1
lazy-loading,5
lazy-sequences,1
lazyload,1
lcd,3
ld,1
ldap,3
leak,3
learning,4
left-join,4
legacy-database,1
legend,1
length,1
lenovo,2
lens,1
levenshtein-distance,1
lex,2
lg.learning,1
libcurl,2
libraries,2
library,1
libssh,1
libvirt,1
libxml2,1
licensing,9
lie-algebras,2
lie-groups,1
lifecycle,2
liferay,2
liferay-6,2
lift,1
light,1
light-field,1
lightroom,2
lighttpd,2
lightweight,1
like,5
like-operator,2
limit,12
limits,1
line,2
line-breaking,2
line-breaks,2
line-spacing,2
linear,2
linear-algebra,14
linear-programming,1
linechart,1
linguistics,1
link-to,1
linked-list,8
linked-server,2
linker,5
linker-error,1
links,5
linq,65
linq-expressions,1
linq-to-entities,11
linq-to-nhibernate,1
linq-to-objects,2
linq-to-sql,21
linq-to-xml,5
linqpad,3
linux,208
linux-device-driver,2
linux-kernel,11
linux-mint,5
linux-networking,1
liquibase,1
lisp,5
list,30
list-comprehension,1
list-view,1
listadapter,1
listbox,8
listen,1
listener,3
listeners,1
listings,1
lists,4
listview,23
listviewitem,1
live,2
live-wallpaper,2
llvm,2
load,5
load-balancing,7
load-testing,1
loaddata,1
loader,1
loading,1
local,3
local-storage,4
localdb,1
locale,3
localhost,4
localization,11
location,5
lock,1
locking,9
lockup,1
log-files,3
log4cxx,1
log4j,3
log4net,4
logarithms,1
logback,1
logcat,1
logging,25
logic,11
logical-operators,1
login,19
login-items,1
logins,1
logout,2
logrotate,2
lombok,1
long-integer,1
long-polling,2
longitude,1
longtable,1
lookup,2
loop,4
looper,1
loops,18
lotus-domino,2
lotus-notes,2
low-level,1
low-light,1
lpsolve,1
ls,1
lua,5
luatex,1
lucene,10
lucene-index,1
lucene.net,4
lvm,1
lwjgl,1
lwp,1
lwp-useragent,1
lwuit,2
lxml,5
lyx,1
m4a,1
mac,25
mac-address,1
macbook,3
macfuse,1
mach-o,2
machine-learning,9
macosx,9
macosxserver,3
macports,4
macros,15
macruby,1
macvim,1
magento,33
magento-1.4,1
magento-1.5,3
magento-1.7,1
magpie,1
mahout,1
mail,1
mail-sender,1
main,1
maintainability,3
maintenance,1
make,3
makecert,1
makefile,2
malloc,2
malware,4
malware-removal,1
mamp,3
man,3
manage.py,2
managed-bean,1
management,2
management-studio,1
manager,1
mandelbrot,1
manifest,2
manipulate,1
manipulation,1
manual,1
manuals,1
many-to-many,2
map,14
mapkit,2
maple,1
mappeddrive,1
mapping,4
mapping-model,1
mapquest,1
mapreduce,2
maps,10
margin,1
marginpar,1
margins,1
markdown,6
markdownsharp,1
marketing,1
marketplace,1
marklogic,1
markov-chains,1
markov-process,1
marquee,3
marshalling,4
masm,1
masm32,1
master-detail,2
master-page,1
master-pages,1
match,2
math,19
math-mode,4
math-operators,2
mathematica,4
mathematical-optimization,1
mathematical-physics,1
mathlink,1
matlab,24
matlab-deployment,1
matlab-engine,1
matlab-figure,1
matplotlib,6
matrices,10
matrix,8
matrix-multiplication,1
maven,22
maven-2,8
maven-3,4
maven-plugin,1
maven-release-plugin,1
maven-scm,1
maven-surefire-plugin,2
max,1
max-height,1
max-width,1
maximize,2
maya,1
mbprogresshud,1
mbunit,1
md5,5
mdadm,1
mdaemon,1
mdichild,1
mdiparent,1
mdsd,1
mdx,2
measure-theory,8
measurement,1
mechanicalturk,1
mechanize,5
mechanize-python,1
media,6
media-keys,1
media-library,1
media-model,1
media-queries,2
mediaelement.js,1
mediaplayer,3
mediarecorder,1
mediawiki,2
mediawiki-api,1
medical-science,2
meego,1
mef,1
megaraid,1
membase,1
membership,1
membership-provider,3
memcache,1
memcached,9
memoir,2
memoization,1
memory,29
memory-address,1
memory-allocation,5
memory-card,1
memory-dump,1
memory-leak,2
memory-leaks,11
memory-management,14
memorystream,1
menu,14
menubar,1
menuitem,2
menus,6
menustrip,1
mercurial,10
merge,6
merge-conflict-resolution,1
mergetool,1
mesh,1
mesh-network,1
message,3
message-queue,3
messagecontract,1
messages,1
messaging,2
meta,1
metabox,3
metadata,2
metafont,1
metaprogramming,3
metatable,1
meteor,4
meter,1
method-invocation,1
method-signature,1
methodology,1
methods,23
metric-spaces,7
metrics,5
mex,1
mfc,8
mfc-feature-pack,1
mfmailcomposer,1
micro-four-thirds,1
microcontroller,1
microphone,3
microsoft,7
microsoft-access,2
microsoft-access-2010,1
microsoft-excel,9
microsoft-excel-2003,1
microsoft-metro,3
microsoft-office,3
microsoft-office-2003,1
microsoft-office-2013,1
microsoft-onenote,1
microsoft-outlook,3
microsoft-outlook-2003,2
microsoft-outlook-2007,3
microsoft-outlook-2011,1
microsoft-visio,1
microsoft-word,6
microsoft-word-2003,1
microsoft-word-2007,2
microtype,1
middleware,1
midi,2
midnight-commander,1
migration,7
miktex,2
milliseconds,1
mime,1
mime-types,2
minecraft,1
mingw,3
minification,1
minify,3
minitest,1
mips,5
mips32,1
mixed-language,1
mixing,1
mkannotation,1
mkannotationview,1
mkdir,3
mklink,1
mkmapkit,1
mkmapview,2
mkoverlay,1
mkreversegeocoder,1
ml,1
mmap,3
mms,1
mobile,18
mobile-application,2
mobile-phones,2
mobile-safari,3
mobile-web,2
mobiscroll,1
mocking,3
mod-fastcgi,1
mod-jk,1
mod-mono,1
mod-perl2,1
mod-php,1
mod-proxy,4
mod-python,1
mod-rewrite,16
mod-wsgi,3
modal-dialog,4
modalpopups,1
model,8
model-binding,3
model-driven,1
model-theory,1
modelbinders,2
modelbinding,1
models,2
modelstate,1
modem,2
modifier-keys,1
modular-arithmetic,3
modularity,1
module,11
modules,1
modulo,1
moinmoin,1
mojolicious,1
monad-transformers,1
monads,3
mongodb,24
mongodb-java,1
mongodb-php,1
mongoengine,1
mongoid,2
mongomapper,1
mongoose,1
monitor,2
monitoring,6
monitors,1
monkeyrunner,1
mono,9
mono-framework,1
monodevelop,3
monodroid,5
monotouch,7
monthcalendar,2
moonlight,1
mootools,5
moq,1
morelikethis,1
morphia,1
moss,1
most-vexing-parse,1
motherboard,4
motion,1
mount,6
mouse,9
mouse-wheel,1
mouseclick-event,1
mousedown,1
mouseevent,2
mouseup,1
movable,1
move,1
movement,2
movieclip,2
mox,1
mozilla,3
mp3,3
mp4,3
mpeg,1
mpeg-4,1
mpeg2-ts,1
mpi,1
mpm-prefork,1
mpmediapickercontroller,1
mpmovieplayer,1
mpmovieplayercontroller,3
mpmusicplayercontroller,1
mql,1
ms-access,19
ms-access-2007,1
ms-access-2010,1
ms-dos,2
ms-office,2
ms-security-essentials,1
ms-word,5
msbuild,11
msdeploy,1
msdtc,1
msgbox,1
msgctl,1
msi,3
msiexec,1
msmq,4
msn,1
msn-messenger,1
mspec,1
mssql-ssms,1
mstest,2
msysgit,1
mtu,2
mu,1
mule,1
multi-boot,2
multi-gpu,1
multi-language,1
multi-module,1
multi-select,1
multi-tenant,1
multi-user,1
multicast,2
multicol,2
multicolumn,1
multicore,2
multidimensional,1
multidimensional-array,13
multihomed,1
multimedia,1
multiple,1
multiple-inheritance,1
multiple-instances,1
multiple-machines,1
multiple-monitors,5
multiple-nics,1
multiple-versions,1
multiplication,1
multiprocess,1
multiprocessing,4
multirow,1
multisite,4
multithreading,75
multitouch,1
multivalue,1
multivariable-calculus,6
multline,1
munin,1
music,3
musicbrainz,1
mustache.js,1
mutable,1
mutt,1
mv,1
mvc,33
mvp,1
mvvm,17
mvvm-light,1
mx-record,1
mxml,3
my-site,1
mybb,1
myisam,2
mysql,278
mysql-error-1045,1
mysql-error-1054,1
mysql-error-1064,1
mysql-management,1
mysql-replication,1
mysql-workbench,1
mysqld,1
mysqldump,1
mysqli,9
n-tier,2
nagios,4
nagios-plugins,1
name,1
name-mangling,1
named-parameters,1
named-pipes,2
nameserver,4
namespaces,7
naming,1
naming-conventions,3
nan,1
nancy,1
nant,1
nantcontrib,1
nas,1
nasm,1
nat,3
nat-traversal,1
native,1
native-code,1
natural-numbers,1
natural-remedies,1
naudio,1
nav,1
navigatetourl,1
navigateurl,1
navigation,4
navigationbar,2
ncurses,2
ndp,1
nearlyfreespeech,1
negate,1
negative-margin,1
neo4j,1
neography,1
nested,5
nested-divs,1
nested-forms,1
nested-loops,2
nested-resources,1
nesting,2
netbeans,14
netbeans-6.9,1
netbeans-7,2
netbeans6.8,1
netboot,1
netcat,3
netcdf,1
netflix,1
netlink,1
netty,5
network-adapter,2
network-design,1
network-monitoring,1
network-programming,11
network-protocols,2
network-share,2
network-shares,3
networking,75
networkstream,1
neural-network,2
neural-networks,1
new-account,1
new-operator,2
newline,1
newlines,1
news-feed,2
nexenta,1
nexus,1
nfc,1
nfs,2
nginx,18
nhibernate,22
nhibernate-mapping,4
nhibernate-queryover,1
nib,1
nicedit,1
nikon,1
nine-patch,1
ninject,4
ninject-2,2
ninject.web.mvc,1
nio,1
nis,1
nivoslider,1
nlog,3
nlp,1
nltk,1
nmock2,1
no-www,1
noclassdeffounderror,4
noconflict,2
node.js,21
nodes,1
nokia,1
nokogiri,5
nomethoderror,2
nonlinear-functions,1
nook,1
nopcommerce,1
normal-distribution,1
normalization,4
normalize,1
nose,1
nosql,6
nosuchmethoderror,1
not-root-user,1
notation,6
notepad++,6
notificationmanager,1
notifications,9
notifyicon,1
notnull,1
np,1
np-complete,1
np-hardness,2
nsalert,1
nsapplication,1
nsarray,1
nsattributedstring,1
nsautoreleasepool,2
nsbutton,2
nscalendar,1
nsdata,2
nsdate,2
nsdateformatter,1
nsdictionary,2
nsdocumentsdirectory,1
nservicebus,3
nservicebus-distributor,2
nservicebus3,2
nsfetchedresultscontrolle,4
nsimage,1
nsinputstream,1
nsis,2
nslocalizedstring,1
nslog,2
nslookup,1
nsmanagedobject,1
nsmanagedobjectcontext,2
nsmetadataquery,1
nsmutablearray,3
nsnotificationcenter,1
nsobject,1
nsoperation,1
nsoperationqueue,2
nspredicate,4
nspredicateeditor,1
nsregularexpression,1
nsrunloop,1
nsstring,5
nstableview,2
nstextfield,1
nsthread,2
nstimer,2
nsuinteger,1
nsundomanager,1
nsurlconnection,3
nsuserdefaults,2
nsview,2
nswindow,1
nsxmlparser,1
nt.number-theory,1
ntfs,4
nth-child,1
ntldr,1
ntlm,3
ntruencrypt,1
nuget,2
nul,1
null,4
nullable,3
nullpointerexception,7
number-systems,1
number-theory,11
numberformat,2
numbering,2
numbers,5
numeric,1
numerical,1
numerical-methods,2
numpy,8
nunit,4
nutrition,1
nvelocity,1
nvidia,2
nvidia-geforce,1
oauth,12
oauth-2.0,4
obfuscation,2
object,21
object-graph,1
object-model,1
object-oriented,2
object-pooling,1
objectcontext,1
objective-c,204
objective-c++,2
objective-c-blocks,1
observablecollection,1
ocaml,1
ocean,1
ocfs2,1
oci,1
ocl,1
ocmock,1
ocr,1
odata,1
odbc,3
odp.net,1
office,1
office-2003,1
office-2010,1
office-365,1
office-automation,1
office-integration,1
office-interop,2
office365,1
offline,2
offset,1
ogre,1
oil,1
olap,2
oledb,4
omniauth,1
omnicomplete,2
on-the-fly,1
onapp,1
onbeforeunload,1
onchange,2
onclick,3
oncreate,1
one-to-many,1
one-to-one,1
onfling,1
onkeypress,1
onload,2
onload-event,1
onmouseover,2
onscroll,1
ontouchlistener,1
oo,1
oodbms,1
oom,1
oop,26
opacity,3
open,1
open-graph-beta,1
open-problem,1
open-session-in-view,1
open-source,8
open-with,1
openbsd,1
opencart,2
opencover,1
opencv,10
opendir,1
opendns,1
openedge,1
openejb,1
openerp,2
openexr,1
openfiledialog,1
openfiler,1
openfire,3
opengl,14
opengl-es,11
opengl-es-2.0,1
openid,5
openjdk,1
openjpa,1
openlayers,2
openldap,2
openmp,4
openoffice,1
openoffice-base,1
openoffice-calc,1
openoffice.org,4
openrasta,1
openrowset,1
opensocial,1
opensource,2
opensource-projects,1
openssh,1
openssl,7
openstreetmap,1
opensuse,2
opensuse-11.4,1
openurl,1
openvpn,3
openvz,2
openwrt,1
openxml,1
openxml-sdk,1
opera,4
opera-mini,2
operating-system,10
operating-systems,3
operations,1
operator-overloading,1
operator-theory,3
operators,6
opticalflow,1
optimal,1
optimistic-locking,1
optimization,27
option,1
optional-parameters,2
options,2
ora-12560,1
oracle,57
oracle-apex,1
oracle-sqldeveloper,2
oracle10g,10
oracle11g,4
orbeon,1
orbited,1
orchardcms,3
order,1
order-by,1
order-theory,1
ordering,1
ordinal,1
org-mode,4
organization,2
organizer,1
orientation,2
origin,2
orm,7
ormlite,3
orphans,1
os.operating-systems,1
osgi,3
osgi-bundle,1
osm,1
osmdroid,1
ospf,1
osx,80
osx-leopard,2
osx-lion,6
osx-mountain-lion,5
osx-snow-leopard,7
outdoor,1
outer,1
outer-join,1
outline,1
outlook,12
outlook-2007,2
outofmemoryerror,1
outofmemoryexception,1
output,1
outputcache,1
outputstream,1
outsourcing,1
overflow,4
overflowexception,1
overlap,1
overlay,4
overload-resolution,1
overloading,2
override,1
overriding,2
ovi,1
owner,2
oxygene,1
p2,1
p2p,3
p4v,1
pack-uri,1
package,2
package-management,1
packages,7
packaging,1
packagist,1
packet-analyzer,1
packet-capture,2
packet-shaping,1
padding,3
page,2
page-breaking,1
page-refresh,1
page-template,1
pagedown,1
pagefile,2
pageload,1
pages,2
pagespeed,1
pagination,4
paging,4
paid,1
paint,1
pair-programming,1
pan,1
pandas,1
panel,3
paperclip,6
paragraph,1
parallax,1
parallel-processing,9
parallelism,1
parallels,3
param,1
parameter-passing,3
parameterized-unit-test,1
parameters,12
params,1
parent,2
parent-child,3
parse-error,1
parsec,1
parsexml,1
parsing,27
partial,2
partial-classes,1
partial-views,2
particle-filter,1
partition,2
partition-magic,1
partition-recovery,1
partitioning,6
partitions,1
pascal,2
pass,1
passbook,1
passenger,3
passing,1
password,5
password-protection,2
password-recovery,1
passwords,10
pasteboard,1
patch,3
path,14
path-finding,1
pattern,1
pattern-matching,3
pattern-recognition,1
patterns,1
payment-gateway,3
payment-schemas,1
paypal,5
pci,2
pci-express,1
pcre,1
pdb-ms,1
pde,4
pdf,33
pdf-generation,6
pdfbox,1
pdfsharp,1
pdftex,3
pdfview,1
pdo,11
pdu,1
pear,5
pecl,2
peer-to-peer,1
pendingintent,1
pentaho,1
pentax,1
perc,1
perfmon,1
perforce,2
performance,76
performance-testing,3
performance-tuning,1
period,1
peripherals,1
perl,35
perlbrew,1
permalinks,3
permanent,1
permission-denied,1
permissions,24
permutation,3
permutations,2
persistence,5
persistence-unit,1
personal-preference,1
personalization,1
petrel,1
pfsense,1
pgf-core,1
pgfplots,10
pgp,1
phantomjs,1
philosophy,1
phonegap,25
photo,1
photoshop,3
photoshop-cs5,1
photoshop-elements,1
php,701
php-beautifier,1
php-errors,1
php-extension,2
php-extensions,1
php-fpm,3
php-frameworks,1
php-ini,1
php-internals,1
php-soapclient,1
php.ini,1
php5,7
phpbb,1
phpcassa,1
phpdoc,1
phpdocumentor,1
phpmail,1
phpmailer,1
phpmyadmin,14
phpstorm,1
phpunit,3
phrases,1
phtml,2
phusion,1
phusion-passenger,1
physics,4
physics-engine,1
pi,1
picasa,1
pick,1
picker,1
pickle,1
picture,1
picturebox,1
pid,3
pidgin,2
pie-chart,1
pig,1
pinax,1
ping,2
pinning,1
pinterest,1
pinvoke,1
pip,2
pipe,4
pipeline,2
pipes,1
pivot,2
pixelate,1
pjsip,1
pkcs11,1
pkzip,1
placeholder,2
plain-tex,2
plan,1
planar-graph,1
plane-curves,1
planning,1
platform,1
player,1
playframework,11
playframework-1.x,1
playframework-2.0,6
playframework-2.1,1
playlists,1
playn,1
plesk,3
plist,2
plone,1
plot,3
plr,1
plsql,15
plugin-development,6
plugin-nextgen-gallery,1
plugin-recommendation,3
plugin-wp-e-commerce,1
plugins,27
pmd,2
png,5
poco,2
poi-hssf,1
point,2
point-of-sale,1
pointcut,1
pointers,20
polar-coordinates,1
politics,1
polling,1
polygon,2
polygons,1
polymorphism,4
polynomial-time,2
polynomials,4
pom.xml,2
pool,1
pooling,1
pop-up,1
pop3,4
poplib,1
popover,1
popular-posts,1
popup,8
popup-blocker,1
popup-window,1
popupwindow,2
port,4
portability,3
portable,1
portforwarding,2
porting,1
portlet,2
portrait,2
ports,2
pos-for-.net,1
position,2
positioning,2
posix,1
post,18
post-processing,3
post-thumbnails,1
post-update,1
postback,2
postbackurl,1
postconstruct,1
posters,1
postfix,11
postgis,1
postgresql,30
postgresql-9.1,1
posts,3
postscript,3
postsharp,1
power,6
power-consumption,1
power-management,1
power-series,1
power-supply,1
powerbuilder,2
powercli,1
powerpoint,2
powers,1
powershell,25
powershell-ise,1
pp,1
ppp,1
pppoe,1
practice-problems,1
prebuild,1
precision,4
predicate,1
predict,1
preference,1
preferences,2
preg-match,4
preg-match-all,1
preg-replace,2
preg-replace-callback,1
prepare,1
prepared-statement,3
preprocessor,2
prerender,1
presence-indication,1
pressed,1
prestashop,1
pretty-print,1
preventdefault,1
preview,1
primary-key,1
prime-numbers,3
primefaces,9
primefaces-mobile,1
primes,1
principal-ideal-domains,3
print-to-pdf,1
printer,1
printf,3
printing,14
println,2
printstacktrace,1
priority-queue,1
prism,1
privacy,1
private-members,1
private-methods,1
privileges,3
privoxy,1
probability,28
probability-distributions,4
probability-theory,7
problem-solving,1
procedural-programming,1
procedure,1
process,10
process-explorer,1
process-monitoring,1
processbuilder,1
processes,1
processing,1
producer-consumer,1
product,1
product-rec,1
production,3
production-environment,1
productivity,2
products,1
professional,1
profile,1
profile-sync,1
profiler,1
profiling,4
proftpd,1
programming-competitions,1
programming-languages,13
progress,2
progress-bar,3
project-design,1
project-euler,1
project-management,5
projective-geometry,1
projects-and-solutions,3
proliant,1
prolog,2
promise,1
prompt,2
proof-strategy,5
propagation,1
propel,1
properties,18
propositional-calculus,1
protection,4
protobuf-net,4
protocol-buffers,2
protocols,4
prototype,4
prototype-programming,1
prototypejs,10
provider,2
provisioning,1
proximity,1
proxy,15
proxypass,1
ps,2
ps2pdf,1
pseudo-class,1
pseudocode,1
pseudorandomness,1
psexec,1
psychology,1
psycopg2,1
pthreads,5
ptr-record,1
ptx,1
publish,3
publish-subscribe,2
publishing,2
publishing-page,1
publishing-site,1
pull,3
puppet,4
push,2
push-notification,9
put,1
putty,3
puzzle,4
pygame,1
pygobject,1
pygtk,1
pymongo,1
pyplot,1
pyqt,3
pyqt4,3
pyrocms,2
pys60,1
pyserial,1
pyside,2
python,300
python-2.1,1
python-2.7,6
python-3.2,1
python-3.x,8
python-ctypes,1
python-idle,1
python-imaging-library,2
q-series,1
qa,2
qbasic,1
qbfc,1
qbxml,1
qemu,1
qgraphicstextitem,1
qgraphicsview,1
qlpreviewcontroller,1
qmake,3
qmap,1
qml,2
qos,3
qr-code,1
qt,29
qt-creator,2
qt-designer,1
qt4,6
qtableview,2
qtablewidget,1
qtp,2
qtruby,1
quagga,2
quality,1
quantlib,1
quantum-groups,2
quartz-scheduler,3
query,50
query-builder,1
query-execution-plans,1
query-optimization,7
query-performance,2
query-posts,2
query-role,1
querydsl,1
querying,1
queryover,1
querypath,1
queryset,1
queue,6
quick-edit,1
quickbooks,3
quickhash,1
quicksand,1
quicksort,1
quicktime,2
quine,1
quota,1
qvariant,1
qwebview,1
qwerty,1
r,47
race-condition,2
rack,1
rack-middleware,1
rackmount,1
rackspace-cloud,1
radcombobox,1
radial-gradients,1
radio,1
radio-button,3
radiobuttonfor,1
radius,2
raid,10
raid0,1
raid1,1
raid5,1
raii,1
railo,2
rails,1
rails-3.1,1
rails-activerecord,1
rails-admin,1
rails-console,1
rails-engines,1
rails-migrations,1
rails-routing,1
raiserror,1
rake,2
rally,1
ram,2
ramdisk,1
random,11
random-walk,1
range,2
rank,1
raphael,4
rapi,1
rar,1
rating,1
rational,1
rational-rose,1
rave-reports,1
raw-data,1
razor,16
razor-2,1
rcpp,1
rdbms,2
rdlc,1
rdp,1
read-only,1
readability,1
readdirectorychangesw,1
reader-monad,1
readerwriterlock,1
readfile,1
readline,5
readonly,1
readyboost,1
real,1
real-analysis,41
real-time,1
realtek,1
realview,1
reaper,1
reboot,2
recaptcha,2
receiver,1
recess,1
recommendation-engine,1
recommendations,2
record,1
recording,2
records,1
recover,1
recovery,7
recreational-mathematics,2
rectangle,1
recurrence-relations,1
recursion,9
recursive,1
reddit,1
redhat,5
redirect,20
redirection,1
redis,3
redmine,3
redmine-plugins,1
reduce,2
refactoring,3
reference,8
reference-counting,1
reference-request,6
referential-integrity,1
refit,1
refix,1
reflection,20
reflector,1
refresh,3
regex,86
regexkitlite,1
region,2
registration,3
registry,6
regression,2
regular-expression,1
regularization,1
reindex,1
reinstall,1
relate,1
relation,1
relational,2
relational-database,1
relations,1
relationship,1
relationships,2
relative-path,4
relative-positioning,1
relativelayout,1
relaunch,1
release,1
release-management,2
religion,1
reloaddata,1
remote,3
remote-access,4
remote-desktop,7
remote-execution,1
remoting,1
remove,2
removing-whitespace,1
rename,2
renaming,1
renderer,2
rendering,4
repaint,1
repair,1
repeat,1
repl,1
replace,5
replaceall,1
replication,2
repo,1
report,6
report-viewer2010,1
reportbuilder,1
reporting,2
reporting-services,14
reporting-tools,1
reportingservices-2005,1
reportviewer,1
reportviewer2008,1
repository,5
representation,1
representation-theory,1
request,2
requestfactory,1
require,1
required,1
requiredfieldvalidator,1
requirements,1
requirements-management,1
rescue,2
reset,1
resharper,4
resizable,1
resize,8
resolution,3
resource-cleanup,1
resource-file,1
resource-files,2
resource-leak,1
resource-monitor,1
resourcedictionary,3
resources,5
respond,1
response,2
response-time,1
response.redirect,1
response.write,1
responsive-design,1
rest,31
resteasy,1
restkit,3
restlet,2
restore,1
restructuredtext,1
resttemplate,1
results,2
resultset,2
resume,2
retain-cycle,1
retina,1
return,8
returning,1
reusability,1
reverse,2
reverse-engineering,3
reverse-geocoding,1
reverse-proxy,2
review,1
review-board,1
rewrite,7
rewrite-rules,1
rfc,1
rfc822,1
rfid,1
rgb,2
rhel5,2
rhino-mocks,2
ria,2
ria-services,1
riak,1
riak-search,1
ribbon,2
richfaces,5
richtextbox,4
riemann-surfaces,1
riemann-zeta,1
riemannian-geometry,1
right-align,1
right-click,1
rijndael,1
ring-theory,2
rinside,1
ripple,1
rj-45,1
rm,1
rmagick,2
robocopy,2
robots.txt,2
robustness,1
roi,1
rollback,2
rollup,1
rom,1
root,2
rosetta-stone,1
rotation,7
rotator,1
round,1
rounded-corners,1
route,3
routed-commands,1
router,8
routes,9
routing,16
row,1
rows,1
rpc,4
rpm,5
rsa,2
rspec,4
rspec-rails,1
rspec2,2
rss,9
rss-reader,1
rsync,7
rtc,1
rtf,3
rtp,1
rtsp,1
rtt,1
ruby,141
ruby-1.9,2
ruby-1.9.3,1
ruby-on-rails,207
ruby-on-rails-2,2
ruby-on-rails-3,73
ruby-on-rails-3.1,12
ruby-on-rails-3.2,3
ruby-on-rails-plugins,1
rubygems,10
rubymine,1
rubymotion,1
rules-engine,1
run,3
runtime,4
runtime-error,1
runtime.exec,2
runtimeexception,1
russia,1
rvalue,1
rvm,5
s60,1
saas,1
safari,8
safety,1
sage,1
salesforce,4
samba,5
sametime,1
saml,2
sampling,1
samsung-mobile,1
sandbox,1
sandbox-solution,2
sane,1
sanitization,1
sas,6
sass,3
sata,3
satellite-image,1
save,4
save-post,1
saving,3
savon,1
sax,2
saxparseexception,1
saxparser,2
sbt,1
scala,27
scala-collections,1
scalability,4
scale,2
scaling,4
scan,1
scanner,1
scanning,2
scatter,1
scene,1
scheduled-task,1
scheduled-tasks,3
scheduler,3
scheduling,3
schema,6
scheme,2
schemes,2
schtasks.exe,1
scikit-learn,1
scikits,1
scipy,1
scjp,1
scope,8
scores,1
scp,3
scrape,1
scrbook,1
screen,5
screen-capture,3
screen-orientation,1
screen-reader,1
screen-rotation,2
screen-scraping,1
screenshot,3
scribe,1
script,12
scriptaculous,3
scripting,11
scripts,2
scroll,13
scroll-position,1
scrollable,2
scrollbar,3
scrolling,9
scrollto,2
scrollview,3
scsi,1
scss,1
sd-card,3
sdk,18
sdl,7
seam,1
seamless,1
search,22
search-and-replace,1
search-engine,5
search-results,1
search-suggestion,1
seconds,1
section,1
sectioning,3
sectors,2
secure-erase,1
security,38
securityexception,1
sed,6
seed,1
seekbar,1
segmentation-fault,3
segue,1
select,24
selectcommand,1
selected,2
selected-text,1
selectedindex,1
selecteditem,1
selection,2
selector,5
selenium,9
selenium-rc,2
selenium-webdriver,1
selenium2,2
self-extracting,1
self-improvement,1
self-join,1
self-teaching,2
semantic,1
semaphore,2
sencha,4
sencha-touch,7
sencha-touch-2,6
sendmail,3
sensor,2
seo,5
seo-friendly,2
separator,1
sequence,2
sequence-alignment,1
sequence-diagram,1
sequences,1
sequences-and-series,11
sequential-number,1
serial,1
serial-port,5
serialization,16
server,2
server-core,1
server-room,2
servercontrols,1
serversocket,1
service,13
service-application,1
service-layer,1
serviceconnection,1
servicestack,1
servlet-3.0,1
servlet-filters,2
servlets,27
session,25
session-state,4
session-storage,1
session-timeout,2
session-variables,3
sessionfactory,1
sessionid,2
set,6
set-theory,4
setcookie,1
setinterval,2
setneedsdisplay,1
setspace,1
setter,1
settings,11
settings.settings,1
setuid,1
setup,4
setup-deployment,1
setup-project,2
setuptools,2
sfinae,1
sfml,1
sfp,1
sftp,2
sha1,1
shader,3
shadow,2
sharding,1
share,4
shared,2
shared-hosting,2
shared-libraries,3
shared-memory,3
shared-objects,1
shared-ptr,1
sharedpreferences,1
sharekit,2
sharepoint,25
sharepoint-2010,1
sharepoint-designer,5
sharepoint-enterprise,4
sharepoint-foundation,2
sharepoint-online,1
sharepoint2010,5
sharing,3
sharpsvn,1
shell,32
shell-script,3
shell-scripting,1
shellexecute,1
shelve,1
shiro,2
shopify,2
shopping-cart,2
short,1
shortcut,1
shortcuts,3
shortest-path,1
show-hide,3
showdialog,1
shutter-speed,1
siblings,1
sicp,1
siebel,1
sifr,1
sigabrt,2
sigkill,1
sigmatel,1
sign,1
signal,1
signal-processing,2
signalr,1
signals,6
signature,1
sigsegv,1
silktest,1
silverlight,52
silverlight-3.0,2
silverlight-4.0,11
silverlight-oob,1
simple-form,2
simpledateformat,1
simplepie,1
simplexml,6
simplexml-load-string,2
simplexmlelement,1
simulation,1
simultaneous,1
sinatra,3
single,1
single-page-application,1
single-sign-on,3
singleton,3
singly-linked-list,1
sinon,1
sip,2
sis,1
site-column,1
site-directory,1
site-template,1
sitecore,2
sitecore6,1
sitemap,3
sites,1
size,7
skills,1
skin,2
skinning,1
skip,1
skype,6
sleep,4
sles,1
sli,1
slice,1
slider,4
slideshow,2
slidetoggle,1
slowcheetah,1
smack,2
small-business,1
smalltalk,1
smart-pointers,1
smart-tags,1
smartarray,1
smartgwt,2
smartphone,3
smarty,4
smb,1
sml,2
smlnj,1
smooth,1
sms,4
sms-gateway,1
smtp,9
snappy,1
sniffing,1
snmp,3
snow-leopard-server,1
soap,22
soap-client,2
soapui,3
social,2
social-graph,1
social-networking,3
socket.io,2
socketexception,1
sockets,26
socks,1
socks5,1
soft-question,6
software,5
software-design,1
software-installation,1
software-protection,1
software-quality,1
software-raid,2
software-rec,6
solaris,5
solaris-10,1
solid-geometry,1
solr,9
solution-verification,1
solutions,1
solver,1
sonar,1
sony-vaio,1
sort,2
sortable,2
sortcomparefunction,1
sorting,22
sound,1
sound-api,1
soundcard,1
soundcloud,1
sounds,1
source,1
source-code,2
space,2
spaces,1
spacing,6
spam,4
spam-filter,3
spark,1
sparkle,1
sparkleshare,1
spatial,1
speaker,1
speakerphone,1
specflow,1
special-characters,1
special-functions,2
specialization,1
specs,1
specs2,1
spectral-theory,1
speech-recognition,2
speed,1
speedfan,1
speex,1
spellchecking,1
spherical-coordinates,1
spherical-harmonics,1
sphinx,4
spi,1
spim,1
spinner,3
splash,1
splash-screen,2
splice,1
spline,1
splint,1
split,11
spnego,1
spotify,1
spreadsheet,3
spree,1
spring,45
spring-data-jpa,1
spring-integration,1
spring-mvc,11
spring-security,3
spring-test,1
spring-webflow,1
spring-ws,1
sprite,1
sprockets,1
spss,1
spyware,1
sql,256
sql-azure,1
sql-developer,2
sql-function,1
sql-in,1
sql-injection,1
sql-order-by,3
sql-server,130
sql-server-2000,5
sql-server-2005,36
sql-server-2005-express,1
sql-server-2008,54
sql-server-2008-express,2
sql-server-2008-r2,6
sql-server-2012,1
sql-server-administration,1
sql-server-ce,8
sql-server-express,1
sql-update,1
sqlalchemy,2
sqlclr,1
sqlcode,1
sqlcommand,1
sqlconnection,1
sqldatasource,1
sqlexception,1
sqlite,33
sqlite3,6
sqlmembershipprovider,1
sqlplus,3
sqoop,1
squeak,1
squid,3
squishit,1
src,1
ssas,4
sscanf,1
ssd,8
sse,1
ssh,27
ssh-tunnel,1
ssh-tunneling,1
sshfs,1
ssi,1
ssis,8
ssis-data-transformations,1
ssl,23
ssl-certificate,2
ssms-2008,1
ssms2008,1
sso,3
sspi,1
ssrs-2008,4
ssrs-reports,2
stability,1
stack,7
stack-trace,1
stackframe,1
stackoverflow,4
stackoverflowexception,1
stacks,1
stage,1
stagefright,1
staging,1
standalone,1
standard-deviation,2
standard-library,1
standards,7
standby,2
starred-version,1
start-menu,3
start-process,1
start-screen,1
startup,3
state,5
stateful-session-bean,1
stateless-session-beans,2
statement,2
static,14
static-analysis,1
static-code-analysis,1
static-initializer,1
static-libraries,1
static-linking,2
static-members,4
static-methods,1
statistical-inference,1
statistics,17
stats,2
status,3
statusbar,1
stax,1
stderr,2
stdout,1
steam,1
step,1
stereo-3d,1
sticky,1
stimulsoft,1
stl,11
stochastic-processes,4
stomp,1
storage,4
storage-interface,1
store,2
stored-procedures,19
storyboard,3
str-replace,1
strategy,1
strawberry-perl,1
strcpy,1
strdup,1
stream,9
streaming,9
streamreader,1
streamwriter,1
stretch,1
string,59
string-array,1
string-comparison,1
string-concatenation,1
string-formatting,2
string-literals,1
string-manipulation,1
string-parsing,1
string-utils,1
string.h,1
stringbuilder,1
stringify,1
strings,1
stringstream,1
strip,1
strip-tags,1
strong-typing,1
strongly-typed-dataset,1
strpos,1
strptime,1
strtol,1
strtr,1
struct,8
structure,3
structuremap,4
struts,9
struts-1,4
struts1,1
struts2,14
stubbing,1
stuck,1
studio-lighting,1
stylecop,1
styles,6
stylesheet,4
styling,3
sub-arrays,3
subcaption,1
subclass,2
subclipse,1
subcommand,1
subdirectories,1
subdirectory,5
subdomain,6
subdomains,2
subfloats,1
sublimetext,2
sublimetext2,3
sublimetext3,1
submit,7
submitchanges,1
submodule,1
subnet,1
subplot,1
subrepos,1
subscription,3
subset,1
subset-sum,1
subsonic3,1
substitution,1
substring,3
subsystem,1
subtitle,1
subtitles,2
subtraction,1
subversive,1
subview,2
subviews,1
success,1
sudo,3
sudoku,1
suffix-array,1
suggestions,1
sum,3
summary,1
summation,1
sun,1
superclass,1
superfish,1
supervisord,1
suppress-warnings,1
surface,1
surround-sound,1
surveillance,1
survey,1
survival-analysis,1
suse,2
suspend,1
svcutil.exe,2
svg,14
svg-filters,1
svn,28
svn-client,1
svnadmin,1
svnkit,1
swap,5
swapping,1
swf,3
swf-decompiler,1
swfobject,2
swig,3
swing,30
swing-application-framewo,1
swipe,2
swipe-gesture,1
switch,3
switch-statement,2
switchers,1
swizzling,1
swt,5
swtbot,1
sybase,1
symantec,1
symbian,3
symbolic-link,3
symbolic-math,1
symbols,5
symfony,1
symfony-1.4,2
symfony-2.0,1
symfony-2.3,1
symfony-forms,1
symfony1,3
symfony2,16
symlink,1
symmetric-groups,1
symmetric-polynomials,1
symmetry,1
sympy,1
sync,7
synchronisation,1
synchronization,8
synchronous,1
synergy,1
syntax,15
syntax-error,3
syntax-highlighting,2
sysadmin,2
syslog,1
system,8
system-calls,1
system-file,1
system-preferences,1
system-programming,1
system-verilog,2
system.argumentexception,1
system.componentmodel,1
system.data.oracleclient,1
system.data.sqlite,1
system.io,2
system.reactive,1
system.reflection,1
systemmanagement,1
systray,1
t4,1
t4toolbox,1
tab-completion,1
tab-delimited,1
tabbar,1
tabcontrol,1
tabindex,1
table,26
table-of-contents,4
tableadapter,1
tablecellrenderer,1
tableheader,1
tablename,1
tables,8
tablet,2
tabletools,1
tableview,4
tabs,8
tag-it,1
taglib,1
tags,9
talend,1
tankauth,1
tapandhold,1
tapjoy,1
tar,3
task,3
task-manager,1
task-parallel-library,1
task-scheduler,2
taskbar,2
taskkill,1
tasklist,1
tasks,1
taxonomy,3
taylor-expansion,1
tcl,3
tcollection,1
tcp,17
tcpclient,2
tcpdump,1
tcplistener,1
tcsh,1
tdd,6
tea,1
teaching,1
teamcity,3
teamcity-7.0,1
teamwork,1
technique,1
technology-stack,1
tel,1
telephony,1
telerik,4
telerik-mvc,1
telnet,2
temperature,1
template-engine,1
template-hierarchy,1
templates,21
templating,1
temporal,1
temporal-database,1
temporal-difference,1
temporary-files,2
temporary-tables,2
temptables,1
teradata,1
terminal,17
terminal-server,1
terminal-services,2
terminate,2
termination,1
terminator,1
terminology,5
terms,1
ternary,1
test,1
testdrivendesign,1
testing,24
testng,4
tex,1
tex-core,1
tex4ht,1
texlive,2
text,16
text-editor,1
text-editors,2
text-extraction,1
text-files,2
text-mode,1
text-processing,4
text-rendering,1
text-shadow,2
text-to-speech,1
textarea,1
textblock,1
textbox,10
textfield,2
textmate,3
texttransform,1
texture,3
texture2d,1
textview,5
tfs,15
tfs2008,1
tfs2010,4
tfsbuild,2
tga,1
theme-development,6
theme-twenty-ten,2
themes,7
theming,1
theorems,2
theory,3
thin,2
third-party,2
this,3
thmtools,1
thread-safety,12
thread-synchronization,1
threadpool,4
threadpoolexecutor,1
three.js,5
three20,1
thrift,1
throttling,1
thumb,1
thumbnails,1
thunderbird,9
thunderbird-addon,1
tick,1
ticker,2
tiddlywiki,1
tiff,2
tightvnc,2
tikz-external,1
tikz-pgf,13
tikz-qtree,1
time,10
time-complexity,1
time-format,1
time-machine,2
time-measurement,1
time-series,1
time-t,1
timedelay,1
timeout,7
timer,10
timespan,2
timestamp,5
timezone,3
timing,1
tinymce,2
tinyscrollbar,1
tips,2
tips-and-tricks,1
tire,2
titanium,3
titanium-mobile,2
title,4
titles,1
titleview,1
tkinter,4
tld,1
toggle,4
tokenize,2
tomcat,34
tomcat5.5,3
tomcat6,3
tomcat7,4
tool-uml,1
tools,3
tooltip,6
top-command,1
topological-groups,1
topology,2
tor,1
tortoisegit,1
tortoisesvn,5
toshiba,2
toshiba-satellite,1
tostring,1
total,2
total-commander,1
touch,6
tournament,1
tp-link,1
trac,1
trace,3
trackbar,1
tracking,2
traffic,1
traffic-management,2
traffic-shaping,1
trailing-slash,1
training,3
traits,1
transactions,3
transfer,1
transform,3
transformation,2
transition,3
translate,1
translation,4
transparency,4
transparent,2
transpose,1
trash,1
travel,1
traversal,1
tree,8
trees,1
treeview,8
trends,1
triangle,3
triangulation,1
trie,1
trigger.io,1
triggers,7
trigonometry,7
trinidad,1
tripod,1
trivia,1
trojan,1
troubleshooting,1
true-type-fonts,1
truecrypt,3
trust,1
truthtable,1
try-catch,2
try-catch-finally,1
tsql,39
ttl,1
ttnavigator,1
ttstyledtextlabel,1
tty,1
tuareg,1
tuckey-urlrewrite-filter,1
tumblr,2
tuning,2
tunnel,1
tunneling,1
tuples,2
turbogears2,1
turing-complete,1
turing-machines,1
tutorials,2
tv,1
twain,1
twig,1
twiki,1
twisted,3
twitter,17
twitter-api,3
twitter-bootstrap,9
twitter4j,2
two-column,1
type-conversion,3
type-inference,1
type-systems,2
type-theory,1
typechecking,1
typeconverter,2
typed-factory-facility,1
typedef,3
typedescriptor,1
types,16
typescript,1
typeset,1
typo3,1
typoscript,1
u3,1
uac,2
uart,1
ubercart,1
ubuntu,53
ubuntu-10.04,5
ubuntu-10.10,1
ubuntu-11.04,1
ubuntu-11.10,1
ubuntu-12.04,1
ubuntu-9.04,1
ubuntu-9.10,1
uddi,1
udp,8
uefi,2
uiactionsheet,1
uiactivityviewcontroller,1
uialertview,3
uiapplication,1
uiapplicationdelegate,3
uibarbuttonitem,2
uibutton,6
uidatepicker,1
uigesturerecognizer,2
uiimage,9
uiimagepickercontroller,1
uiimageview,4
uikeyboard,1
uikit,5
uilabel,1
uimapview,1
uimenucontroller,1
uimodalpresentationstyle,1
uinavigationbar,4
uinavigationcontroller,4
uinavigationitem,1
uipagecontrol,1
uipasteboard,1
uipickerview,2
uiscrollview,7
uiscrollviewdelegate,1
uisearchbar,1
uisearchbardelegate,1
uisearchbardisplaycontrol,1
uisegmentedcontrol,3
uislider,2
uisplitviewcontroller,1
uistoryboard,2
uitabbar,1
uitabbarcontroller,1
uitableview,28
uitableviewcell,9
uitableviewcontroller,5
uitableviewdatasource,1
uitextfield,4
uitextview,3
uiview,12
uiviewanimation,3
uiviewcontroller,8
uiwebview,10
ultrabook,1
ultravnc,1
umbraco,4
uml,8
uml-modeling,2
unattended,1
unauthorized,1
unbound-wildcard,1
undefined-index,1
underscore.js,4
undo,2
unfuddle,1
unicode,13
unicorn,1
unidata,1
uninstall,4
uniobjects,1
union,1
unions,2
uniq,1
unique,1
unit-testing,31
united-states,2
units-of-measurement,1
unity3d,6
universal,1
universal-binary,1
universe,1
university,1
unix,32
unix-utils,1
unmarshalling,1
unobtrusive-javascript,1
unordered-map,1
unresolved-external,1
unsigned,1
unsupported-class-version,1
untagged,1
unzip,4
update,9
updatepanel,5
updating,3
upgrade,7
upgrade-issue,1
upload,11
uploadify,1
uploads,3
upnp,2
ups,2
upx,1
uri,3
url,20
url-parameters,1
url-rewrite-module,1
url-rewriting,11
url-routing,3
urlconnection,1
urlencode,3
urllib,1
urllib2,5
urls,3
urls.py,1
usb,14
usb-drive,1
usb-flash-drive,4
user,9
user-access,2
user-accounts,5
user-defined-functions,1
user-input,3
user-interface,10
user-meta,1
user-permissions,2
user-profile,3
user-profile-service,1
user-profiles,1
user-roles,2
useradd,1
useragent,1
usercontrols,6
userjs,1
username,1
userprofilemanager,1
users,3
userscripts,2
utf,1
utf-16,3
utf-8,12
utilities,1
utility,1
uuid,1
vagrant,1
vala,1
valgrind,1
valid,1
validation,18
validator,1
value,2
var,2
varbinary,1
variable-assignment,3
variable-declaration,1
variable-scope,4
variable-width,1
variables,20
variations,1
varnish,2
vax,1
vb.net,74
vb.net-2010,2
vb6,9
vb6-migration,1
vba,25
vbscript,9
vbulletin,1
vc-dimension,1
vdsp,1
vector,6
vector-bundles,1
vector-graphics,1
vector-spaces,2
vectorization,1
velocity,1
vendor-neutrality,1
ventrilo,1
verilog,1
version,4
version-control,16
versioning,5
vertical-alignment,3
vertical-scrolling,2
vfs,1
vga,2
vhd,1
vhosts,1
vi,2
video,27
video-conversion,2
video-encoding,4
video-lectures,1
video-processing,1
video-streaming,8
videogames,1
videoview,2
view,19
view-helpers,2
view-scope,1
viewbag,1
viewcontroller,1
viewdata,1
viewdidload,1
viewfinder,1
viewflipper,1
viewhelper,1
viewmodel,2
views,2
viewstate,1
viewstub,1
vim,22
vimeo,1
violence,1
viper,1
virtual,4
virtual-desktop,1
virtual-directory,1
virtual-drive,1
virtual-earth,1
virtual-functions,1
virtual-hosts,1
virtual-machine,5
virtual-machines,3
virtual-pc,1
virtualbox,9
virtualenv,4
virtualhost,4
virtualization,16
virtualmin,1
virtuemart,2
virus,2
visibility,3
visible,2
visio,1
vision,1
visitor,1
visitor-pattern,1
vista64,1
visual-c#-express-2010,1
visual-c++,12
visual-c++-2005,1
visual-prolog,1
visual-sourcesafe,1
visual-sourcesafe-2005,1
visual-studio,44
visual-studio-2005,6
visual-studio-2008,21
visual-studio-2010,60
visual-studio-2012,8
visual-studio-addins,1
visual-studio-debugging,1
visual-studio-extensions,1
visual-studio-lightswitch,1
visual-studio-macros,1
visual-studio-sdk,1
visual-studio-team-system,1
visual-web-part,1
visualforce,2
visualization,7
visualstatemanager,1
vlan,1
vlc,6
vml,1
vmware,5
vmware-esxi,5
vmware-workstation,1
vnc,3
vncserver,1
void,2
voip,2
volatile,2
voronoi,1
vpn,6
vps,2
vs-macros,1
vsto,4
vsts2008,1
vsts2010,2
vtable,1
vuforia,1
wait,1
wait-fences,1
waitforsingleobject,1
wall,2
wamp,7
wampserver,3
wan,2
war,4
war-stories,1
warnings,6
watchdog,1
watchpoint,1
watin,3
watir,3
watir-webdriver,1
wav,4
wbem,1
wc,1
wcf,58
wcf-binding,2
wcf-data-services,2
wcf-extensions,1
wcf-hosting,1
wcf-instancing,1
wcf-rest,1
wcf-ria-services,6
wcftestclient,1
wcsf,1
web,12
web-analytics,3
web-api,3
web-application,1
web-application-design,1
web-applications,23
web-config,12
web-crawler,2
web-deployment,3
web-developer-toolbar,1
web-development,3
web-farm,2
web-frameworks,1
web-hosting,4
web-interface,1
web-part,3
web-part-property,1
web-scraping,4
web-security,1
web-services,49
web.py,1
web.xml,3
web2py,3
webalizer,1
webapp2,2
webbrowser,3
webbrowser-control,3
webcam,7
webclient,1
webdriver,3
webfarm,1
webfonts,1
webforms,4
webgl,3
webhost,1
webkit,13
weblogic,4
weblogic-10.x,1
webmail,3
webmatrix,1
webmatrix-2,1
webmethod,2
webmethods,1
webmin,1
webparts,3
webserver,16
website,10
websocket,6
websphere,3
websphere-mq,1
webstart,1
webview,8
webviewclient,1
week-number,1
weighted,2
weka,1
western-digital,1
wget,3
where,1
where-clause,2
while-loop,8
white-box,1
whitespace,1
whm,1
wicket,4
widget,3
widgets,3
width,6
wifi,7
wiki,2
wikipedia-api,1
wildcard,2
winamp,2
winapi,27
windbg,2
window,7
window-functions,1
window-manager,3
windows,175
windows-7,80
windows-7-x64,1
windows-8,23
windows-8-upgrade,1
windows-98,1
windows-authentication,3
windows-azure-storage,1
windows-ce,2
windows-desktop-gadgets,1
windows-explorer,2
windows-forms-designer,1
windows-identity,1
windows-installer,4
windows-integrated-authen,1
windows-live,2
windows-live-messenger,1
windows-mobile,5
windows-phone,1
windows-phone-7,35
windows-phone-7-emulator,1
windows-phone-7.1,3
windows-registry,5
windows-runtime,1
windows-sbs-2003,1
windows-sbs-2008,1
windows-sdk,1
windows-search,2
windows-server,4
windows-server-2003,19
windows-server-2003-r2,1
windows-server-2008,25
windows-server-2008-r2,11
windows-server-2012,1
windows-services,9
windows-store-apps,3
windows-vista,14
windows-xp,32
windows-xp-sp3,1
windowstate,1
windsor-3.0,1
wine,2
winforms,55
winhttp,1
wininet,1
winjs,1
winmm,1
winpcap,1
winrt-xaml,1
winscp,1
winsock,1
wireless,2
wireless-access-point,1
wireless-network,1
wireless-networking,13
wireless-router,1
wireshark,4
wiring,1
wix,4
wix3,1
wix3.5,1
wix3.6,1
wizard,1
wlan,1
wmi,6
woocommerce,2
word,1
word-2007,1
word-count,1
word-processor,1
word-vba,1
wordpress,49
wordpress-loop,2
wordpress-mu,1
wordpress-plugin,1
wordpress-plugin-dev,1
wordpress.com,1
wordpress.org,1
work-environment,2
workbench,1
workflow,14
workflow-activity,2
workflow-foundation,5
workflow-foundation-4,2
workflow-variable,1
working-copy,1
workitem,1
worksheet,2
worksheet-function,3
workspace,2
wp-admin,2
wp-config,2
wp-cron,1
wp-head,1
wp-load.php,1
wp-mail,2
wp-options,1
wp-query,4
wpdb,1
wpf,114
wpf-controls,5
wpfdatagrid,2
wpftoolkit,1
wpmu,1
wps,1
wrap,1
wrapper,3
writefile,1
ws-security,1
wsdl,10
wsdl2java,1
wsgi,2
wsimport,2
wsp,1
wss,1
wss-3.0,3
wss4j,1
wsus,1
wtl,1
wwdc,1
www,1
wxhaskell,2
wxpython,5
wxwidgets,1
wysiwyg,1
x.509,1
x11,3
x509,1
x64,1
x86,4
x86-64,2
xaf,1
xalan,2
xamarin,1
xaml,26
xamlreader,1
xampp,4
xaudio2,1
xbap,2
xbee,1
xbox360,2
xchat,1
xcode,83
xcode-instruments,1
xcode4,10
xcode4.2,4
xcode4.3,3
xcode4.4,1
xcode4.5,1
xdebug,4
xdgutils,1
xdocument,1
xelement,3
xen,4
xenserver,1
xerces,1
xerox,1
xetex,3
xfbml,1
xforwarding,1
xhtml,7
xhtml-1.0-strict,1
xib,1
xla,1
xlrd,1
xls,1
xlsx,1
xlwt,1
xml,117
xml-deserialization,1
xml-namespaces,2
xml-parsing,8
xml-rpc,3
xml-schema,2
xml-serialization,1
xml-signature,1
xml-transform,1
xml-validation,1
xmla,1
xmlbeans,1
xmldocument,2
xmlhttprequest,11
xmlns,1
xmlserializer,1
xmp,1
xmpp,5
xna,6
xna-4.0,1
xorg,2
xpages,3
xpath,19
xpath-2.0,1
xpsdocument,1
xquery,3
xscreensaver,1
xsd,6
xsd-validation,1
xserve,1
xsl-fo,1
xslt,22
xslt-1.0,3
xslt-2.0,2
xspace,1
xss,2
xss-prevention,1
xstream,1
xstring,1
xtab,1
xterm,1
xtext,1
xtragrid,1
xubuntu,1
xul,1
xy-pic,1
yacc,3
yahoo-astra,1
yaml,1
yetanotherforum,1
yii,8
youtube,9
youtube-api,2
yql,1
yui,2
yui-calendar,1
yui-compressor,1
yui3,1
yum,3
yuv,1
z-index,2
z-order,1
z3,1
zebra-printers,1
zedgraph,1
zenbook,1
zend-amf,1
zend-auth,1
zend-controller-router,1
zend-db,2
zend-debugger,1
zend-form,1
zend-framework,28
zend-framework2,5
zend-log,1
zend-paginator,1
zend-route,1
zend-search-lucene,1
zend-server,1
zend-server-ce,1
zend-studio,2
zend-view,2
zepto,1
zfs,2
zigbee,1
zip,8
zoom,3
zooming,1
zsh,6
zshrc,2
zxing,1
